<?xml version="1.0" encoding="UTF-8"?>
<gmi:MI_Metadata xmlns:gco="http://www.isotc211.org/2005/gco" xmlns:gmd="http://www.isotc211.org/2005/gmd" xmlns:gmi="http://www.isotc211.org/2005/gmi" xmlns:gml="http://www.opengis.net/gml/3.2" xmlns:gmx="http://www.isotc211.org/2005/gmx" xmlns:gsr="http://www.isotc211.org/2005/gsr" xmlns:gss="http://www.isotc211.org/2005/gss" xmlns:gts="http://www.isotc211.org/2005/gts" xmlns:srv="http://www.isotc211.org/2005/srv" xmlns:xlink="http://www.w3.org/1999/xlink" xmlns:xs="http://www.w3.org/2001/XMLSchema" xmlns:xsi="http://www.w3.org/2001/XMLSchema-instance" xsi:schemaLocation="http://www.isotc211.org/2005/gmi https://data.noaa.gov/resources/iso19139/schema.xsd">
  <gmd:fileIdentifier>
    <gco:CharacterString>gov.noaa.nmfs.inport:55881</gco:CharacterString>
  </gmd:fileIdentifier>
  <gmd:language>
    <gmd:LanguageCode codeList="http://www.loc.gov/standards/iso639-2/php/code_list.php" codeListValue="eng">eng</gmd:LanguageCode>
  </gmd:language>
  <gmd:characterSet>
    <gmd:MD_CharacterSetCode codeList="http://www.isotc211.org/2005/resources/Codelist/gmxCodelists.xml#MD_CharacterSetCode" codeListValue="UTF8">UTF8</gmd:MD_CharacterSetCode>
  </gmd:characterSet>
  <gmd:hierarchyLevel>
    <gmd:MD_ScopeCode codeList="http://www.isotc211.org/2005/resources/Codelist/gmxCodelists.xml#MD_ScopeCode" codeListValue="dataset">dataset</gmd:MD_ScopeCode>
  </gmd:hierarchyLevel>
  <gmd:hierarchyLevelName>
    <gco:CharacterString>Other</gco:CharacterString>
  </gmd:hierarchyLevelName>
  <gmd:contact>
    <gmd:CI_ResponsibleParty>
      <gmd:organisationName>
        <gco:CharacterString>OCM Partners</gco:CharacterString>
      </gmd:organisationName>
      <gmd:contactInfo>
        <gmd:CI_Contact>
          <gmd:phone>
            <gmd:CI_Telephone>
              <gmd:voice gco:nilReason="missing"/>
            </gmd:CI_Telephone>
          </gmd:phone>
          <gmd:address>
            <gmd:CI_Address/>
          </gmd:address>
        </gmd:CI_Contact>
      </gmd:contactInfo>
      <gmd:role>
        <gmd:CI_RoleCode codeList="http://www.isotc211.org/2005/resources/Codelist/gmxCodelists.xml#gmd:CI_RoleCode" codeListValue="resourceProvider">resourceProvider</gmd:CI_RoleCode>
      </gmd:role>
    </gmd:CI_ResponsibleParty>
  </gmd:contact>
  <gmd:contact>
    <gmd:CI_ResponsibleParty>
      <gmd:organisationName>
        <gco:CharacterString>NOAA Office for Coastal Management</gco:CharacterString>
      </gmd:organisationName>
      <gmd:contactInfo>
        <gmd:CI_Contact>
          <gmd:phone>
            <gmd:CI_Telephone>
              <gmd:voice>
                <gco:CharacterString>(843) 740-1202</gco:CharacterString>
              </gmd:voice>
            </gmd:CI_Telephone>
          </gmd:phone>
          <gmd:address>
            <gmd:CI_Address>
              <gmd:deliveryPoint>
                <gco:CharacterString>2234 South Hobson Ave</gco:CharacterString>
              </gmd:deliveryPoint>
              <gmd:city>
                <gco:CharacterString>Charleston</gco:CharacterString>
              </gmd:city>
              <gmd:administrativeArea>
                <gco:CharacterString>SC</gco:CharacterString>
              </gmd:administrativeArea>
              <gmd:postalCode>
                <gco:CharacterString>29405-2413</gco:CharacterString>
              </gmd:postalCode>
              <gmd:country gco:nilReason="missing"/>
              <gmd:electronicMailAddress>
                <gco:CharacterString>coastal.info@noaa.gov</gco:CharacterString>
              </gmd:electronicMailAddress>
            </gmd:CI_Address>
          </gmd:address>
          <gmd:onlineResource>
            <gmd:CI_OnlineResource>
              <gmd:linkage>
                <gmd:URL>https://coast.noaa.gov</gmd:URL>
              </gmd:linkage>
              <gmd:protocol>
                <gco:CharacterString>WWW:LINK-1.0-http--link</gco:CharacterString>
              </gmd:protocol>
              <gmd:name>
                <gco:CharacterString>NOAA Office for Coastal Management Website</gco:CharacterString>
              </gmd:name>
              <gmd:description>
                <gco:CharacterString>NOAA Office for Coastal Management Home Page</gco:CharacterString>
              </gmd:description>
              <gmd:function>
                <gmd:CI_OnLineFunctionCode codeList="http://www.isotc211.org/2005/resources/Codelist/gmxCodelists.xml#CI_OnLineFunctionCode" codeListValue="information">information</gmd:CI_OnLineFunctionCode>
              </gmd:function>
            </gmd:CI_OnlineResource>
          </gmd:onlineResource>
        </gmd:CI_Contact>
      </gmd:contactInfo>
      <gmd:role>
        <gmd:CI_RoleCode codeList="http://www.isotc211.org/2005/resources/Codelist/gmxCodelists.xml#gmd:CI_RoleCode" codeListValue="pointOfContact">pointOfContact</gmd:CI_RoleCode>
      </gmd:role>
    </gmd:CI_ResponsibleParty>
  </gmd:contact>
  <gmd:dateStamp>
    <gco:DateTime>2022-08-09T17:11:43</gco:DateTime>
  </gmd:dateStamp>
  <gmd:metadataStandardName>
    <gco:CharacterString>ISO 19115-2 Geographic Information - Metadata Part 2 Extensions for imagery and gridded data</gco:CharacterString>
  </gmd:metadataStandardName>
  <gmd:metadataStandardVersion>
    <gco:CharacterString>ISO 19115-2:2009(E)</gco:CharacterString>
  </gmd:metadataStandardVersion>
  <gmd:MD_GridSpatialRepresentation>
    <gmd:numberOfDimensions>
      <gco:Integer>2</gco:Integer>
    </gmd:numberOfDimensions>
    <gmd:axisDimensionProperties>
      <gmd:MD_Dimension>
        <gmd:dimensionName>
          <gmd:MD_DimensionNameTypeCode codeList="http://www.isotc211.org/2005/resources/Codelist/gmxCodelists.xml#gmd:MD_DimensionNameTypeCode" codeListValue="column">column</gmd:MD_DimensionNameTypeCode>
        </gmd:dimensionName>
        <gmd:dimensionSize>
          <gco:Integer>2683</gco:Integer>
        </gmd:dimensionSize>
        <gmd:resolution>
          <gco:Length uom="foot [FT_US]">3</gco:Length>
        </gmd:resolution>
      </gmd:MD_Dimension>
    </gmd:axisDimensionProperties>
    <gmd:axisDimensionProperties>
      <gmd:MD_Dimension>
        <gmd:dimensionName>
          <gmd:MD_DimensionNameTypeCode codeList="http://www.isotc211.org/2005/resources/Codelist/gmxCodelists.xml#gmd:MD_DimensionNameTypeCode" codeListValue="row">row</gmd:MD_DimensionNameTypeCode>
        </gmd:dimensionName>
        <gmd:dimensionSize>
          <gco:Integer>7928</gco:Integer>
        </gmd:dimensionSize>
        <gmd:resolution>
          <gco:Length uom="foot [FT_US]">3</gco:Length>
        </gmd:resolution>
      </gmd:MD_Dimension>
    </gmd:axisDimensionProperties>
    <gmd:cellGeometry>
      <gmd:MD_CellGeometryCode codeList="http://www.isotc211.org/2005/resources/Codelist/gmxCodelists.xml#gmd:MD_CellGeometryCode" codeListValue="point">point</gmd:MD_CellGeometryCode>
    </gmd:cellGeometry>
    <gmd:transformationParameterAvailability>
      <gco:Boolean>0</gco:Boolean>
    </gmd:transformationParameterAvailability>
  </gmd:MD_GridSpatialRepresentation>
  <gmd:referenceSystemInfo xlink:title="NAD83(NSRS2007) / Massachusetts Mainland (ftUS)">
    <gmd:MD_ReferenceSystem>
      <gmd:referenceSystemIdentifier>
        <gmd:RS_Identifier>
          <gmd:authority>
            <gmd:CI_Citation>
              <gmd:title>
                <gco:CharacterString>NAD83(NSRS2007) / Massachusetts Mainland (ftUS)</gco:CharacterString>
              </gmd:title>
              <gmd:date>
                <gmd:CI_Date>
                  <gmd:date>
                    <gco:Date>2008-11-12</gco:Date>
                  </gmd:date>
                  <gmd:dateType>
                    <gmd:CI_DateTypeCode codeList="http://www.isotc211.org/2005/resources/Codelist/gmxCodelists.xml#CI_DateTypeCode" codeListValue="publication">publication</gmd:CI_DateTypeCode>
                  </gmd:dateType>
                </gmd:CI_Date>
              </gmd:date>
              <gmd:citedResponsibleParty>
                <gmd:CI_ResponsibleParty>
                  <gmd:organisationName>
                    <gco:CharacterString>European Petroleum Survey Group</gco:CharacterString>
                  </gmd:organisationName>
                  <gmd:contactInfo>
                    <gmd:CI_Contact>
                      <gmd:onlineResource>
                        <gmd:CI_OnlineResource>
                          <gmd:linkage>
                            <gmd:URL>https://apps.epsg.org/api/v1/CoordRefSystem/3586/export/?format=gml</gmd:URL>
                          </gmd:linkage>
                        </gmd:CI_OnlineResource>
                      </gmd:onlineResource>
                    </gmd:CI_Contact>
                  </gmd:contactInfo>
                  <gmd:role gco:nilReason="missing"/>
                </gmd:CI_ResponsibleParty>
              </gmd:citedResponsibleParty>
            </gmd:CI_Citation>
          </gmd:authority>
          <gmd:code>
            <gco:CharacterString>urn:ogc:def:crs:EPSG:3586</gco:CharacterString>
          </gmd:code>
          <gmd:version>
            <gco:CharacterString>6.18.3</gco:CharacterString>
          </gmd:version>
        </gmd:RS_Identifier>
      </gmd:referenceSystemIdentifier>
    </gmd:MD_ReferenceSystem>
  </gmd:referenceSystemInfo>
  <gmd:referenceSystemInfo xlink:title="NAVD88 height (ftUS) feet">
    <gmd:MD_ReferenceSystem xsi:schemaLocation="http://www.isotc211.org/2005/gmi https://www.ngdc.noaa.gov/metadata/published/xsd/schema.xsd" uuid="7bfef30a-970e-48de-a173-675dc4b61695">
      <gmd:referenceSystemIdentifier>
        <gmd:RS_Identifier>
          <gmd:authority>
            <gmd:CI_Citation>
              <gmd:title>
                <gco:CharacterString>NAVD88 height (ftUS) feet</gco:CharacterString>
              </gmd:title>
              <gmd:alternateTitle>
                <gco:CharacterString>NAVD88 height (ftUS) feet</gco:CharacterString>
              </gmd:alternateTitle>
              <gmd:citedResponsibleParty>
                <gmd:CI_ResponsibleParty>
                  <gmd:organisationName gco:nilReason="withheld"/>
                  <gmd:contactInfo>
                    <gmd:CI_Contact>
                      <gmd:onlineResource>
                        <gmd:CI_OnlineResource>
                          <gmd:linkage>
                            <gmd:URL>https://apps.epsg.org/api/v1/VerticalCoordRefSystem/6360/?api_key=gml</gmd:URL>
                          </gmd:linkage>
                          <gmd:name>
                            <gco:CharacterString>NAVD88 height (ftUS) feet</gco:CharacterString>
                          </gmd:name>
                          <gmd:description>
                            <gco:CharacterString>Link to Geographic Markup Language (GML) description of reference system.</gco:CharacterString>
                          </gmd:description>
                          <gmd:function>
                            <gmd:CI_OnLineFunctionCode codeList="https://www.ngdc.noaa.gov/metadata/published/xsd/schema/resources/Codelist/gmxCodelists.xml#CI_OnLineFunctionCode" codeListValue="information">information</gmd:CI_OnLineFunctionCode>
                          </gmd:function>
                        </gmd:CI_OnlineResource>
                      </gmd:onlineResource>
                    </gmd:CI_Contact>
                  </gmd:contactInfo>
                  <gmd:role>
                    <gmd:CI_RoleCode codeList="http://www.isotc211.org/2005/resources/Codelist/gmxCodelists.xml#CI_RoleCode" codeListValue="resourceProvider">resourceProvider</gmd:CI_RoleCode>
                  </gmd:role>
                </gmd:CI_ResponsibleParty>
              </gmd:citedResponsibleParty>
              <gmd:citedResponsibleParty xlink:title="EPSG Registry">
                <gmd:CI_ResponsibleParty xsi:schemaLocation="http://www.isotc211.org/2005/gmd https://www.ngdc.noaa.gov/metadata/published/xsd/schema.xsd" uuid="68498237-c535-48dd-a292-17c2fc36cb97">
                  <gmd:organisationName>
                    <gco:CharacterString>European Petroleum Survey Group</gco:CharacterString>
                  </gmd:organisationName>
                  <gmd:contactInfo>
                    <gmd:CI_Contact>
                      <gmd:onlineResource>
                        <gmd:CI_OnlineResource>
                          <gmd:linkage>
                            <gmd:URL>https://www.epsg.org/</gmd:URL>
                          </gmd:linkage>
                          <gmd:name>
                            <gco:CharacterString>European Petroleum Survey Group Geodetic Parameter Registry</gco:CharacterString>
                          </gmd:name>
                          <gmd:description>
                            <gco:CharacterString>Registry that accesses the EPSG Geodetic Parameter Dataset, which is a structured dataset of Coordinate Reference Systems and Coordinate Transformations.</gco:CharacterString>
                          </gmd:description>
                          <gmd:function>
                            <gmd:CI_OnLineFunctionCode codeList="https://www.ngdc.noaa.gov/metadata/published/xsd/schema/resources/Codelist/gmxCodelists.xml#CI_OnLineFunctionCode" codeListValue="search">search</gmd:CI_OnLineFunctionCode>
                          </gmd:function>
                        </gmd:CI_OnlineResource>
                      </gmd:onlineResource>
                    </gmd:CI_Contact>
                  </gmd:contactInfo>
                  <gmd:role>
                    <gmd:CI_RoleCode codeList="https://www.ngdc.noaa.gov/metadata/published/xsd/schema/resources/Codelist/gmxCodelists.xml#CI_RoleCode" codeListValue="publisher">publisher</gmd:CI_RoleCode>
                  </gmd:role>
                </gmd:CI_ResponsibleParty>
              </gmd:citedResponsibleParty>
              <gml:VerticalCS xmlns:epsg="urn:x-ogp:spec:schema-xsd:EPSG:1.0:dataset" gml:id="epsg-cs-6499">
                <gml:metaDataProperty>
                  <epsg:CommonMetaData>
                    <epsg:type>vertical</epsg:type>
                    <epsg:informationSource>OGP</epsg:informationSource>
                    <epsg:revisionDate>2006-11-28</epsg:revisionDate>
                    <epsg:isDeprecated>false</epsg:isDeprecated>
                  </epsg:CommonMetaData>
                </gml:metaDataProperty>
                <gml:identifier codeSpace="OGP">urn:ogc:def:cs:EPSG::6497</gml:identifier>
                <gml:name>Vertical CS. Axis: height (H). Orientation: up. UoM: foot [FT_US].</gml:name>
                <gml:remarks>Used in vertical coordinate reference systems.</gml:remarks>
                <gml:axis>
                  <gml:CoordinateSystemAxis uom="urn:ogc:def:uom:EPSG::9003" gml:id="epsg-axis-114">
                    <gml:descriptionReference xlink:href="urn:ogc:def:axis-name:EPSG::9904"/>
                    <gml:identifier codeSpace="OGP">urn:ogc:def:axis:EPSG::114</gml:identifier>
                    <gml:axisAbbrev>H</gml:axisAbbrev>
                    <gml:axisDirection codeSpace="EPSG">up</gml:axisDirection>
                  </gml:CoordinateSystemAxis>
                </gml:axis>
              </gml:VerticalCS>
            </gmd:CI_Citation>
          </gmd:authority>
          <gmd:code>
            <gco:CharacterString>urn:ogc:def:crs:EPSG::6360</gco:CharacterString>
          </gmd:code>
        </gmd:RS_Identifier>
      </gmd:referenceSystemIdentifier>
    </gmd:MD_ReferenceSystem>
  </gmd:referenceSystemInfo>
  <gmd:identificationInfo>
    <gmd:MD_DataIdentification>
      <gmd:citation>
        <gmd:CI_Citation>
          <gmd:title>
            <gco:CharacterString>2018 USACE NCMP Topobathy Lidar: East Coast (CT, MA, ME, NC, NH, RI, SC)</gco:CharacterString>
          </gmd:title>
          <gmd:alternateTitle>
            <gco:CharacterString>usace2018_east_cst_m8688_metadata</gco:CharacterString>
          </gmd:alternateTitle>
          <gmd:date>
            <gmd:CI_Date>
              <gmd:date>
                <gco:Date>2018-11-08</gco:Date>
              </gmd:date>
              <gmd:dateType>
                <gmd:CI_DateTypeCode codeList="http://www.isotc211.org/2005/resources/codeList.xml#CI_DateTypeCode" codeListValue="publication">publication</gmd:CI_DateTypeCode>
              </gmd:dateType>
            </gmd:CI_Date>
          </gmd:date>
          <gmd:identifier>
            <gmd:MD_Identifier>
              <gmd:authority>
                <gmd:CI_Citation>
                  <gmd:title>
                    <gco:CharacterString>NOAA/NMFS/EDM</gco:CharacterString>
                  </gmd:title>
                  <gmd:date gco:nilReason="inapplicable"/>
                </gmd:CI_Citation>
              </gmd:authority>
              <gmd:code>
                <gmx:Anchor xlink:href="https://www.fisheries.noaa.gov/inport/item/55881" xlink:actuate="onRequest" xlink:title="InPort Catalog ID">55881</gmx:Anchor>
              </gmd:code>
            </gmd:MD_Identifier>
          </gmd:identifier>
          <gmd:citedResponsibleParty>
            <gmd:CI_ResponsibleParty>
              <gmd:organisationName gco:nilReason="inapplicable"/>
              <gmd:contactInfo>
                <gmd:CI_Contact>
                  <gmd:onlineResource>
                    <gmd:CI_OnlineResource>
                      <gmd:linkage>
                        <gmd:URL>https://www.fisheries.noaa.gov/inport/item/55881</gmd:URL>
                      </gmd:linkage>
                      <gmd:protocol>
                        <gco:CharacterString>WWW:LINK-1.0-http--link</gco:CharacterString>
                      </gmd:protocol>
                      <gmd:name>
                        <gco:CharacterString>Full Metadata Record</gco:CharacterString>
                      </gmd:name>
                      <gmd:description>
                        <gco:CharacterString>View the complete metadata record on InPort for more information about this dataset.</gco:CharacterString>
                      </gmd:description>
                      <gmd:function>
                        <gmd:CI_OnLineFunctionCode codeList="http://www.isotc211.org/2005/resources/Codelist/gmxCodelists.xml#CI_OnLineFunctionCode" codeListValue="information">information</gmd:CI_OnLineFunctionCode>
                      </gmd:function>
                    </gmd:CI_OnlineResource>
                  </gmd:onlineResource>
                </gmd:CI_Contact>
              </gmd:contactInfo>
              <gmd:role gco:nilReason="inapplicable"/>
            </gmd:CI_ResponsibleParty>
          </gmd:citedResponsibleParty>
          <gmd:citedResponsibleParty>
            <gmd:CI_ResponsibleParty>
              <gmd:organisationName gco:nilReason="inapplicable"/>
              <gmd:contactInfo>
                <gmd:CI_Contact>
                  <gmd:onlineResource>
                    <gmd:CI_OnlineResource>
                      <gmd:linkage>
                        <gmd:URL>https://coast.noaa.gov/dataviewer/#/imagery/search/where:ID=8692</gmd:URL>
                      </gmd:linkage>
                      <gmd:protocol>
                        <gco:CharacterString>WWW:LINK-1.0-http--link</gco:CharacterString>
                      </gmd:protocol>
                      <gmd:name>
                        <gco:CharacterString>
                                                                        Citation URL
                                                                    </gco:CharacterString>
                      </gmd:name>
                      <gmd:description>
                        <gco:CharacterString>Link to CT RGB Imagery.</gco:CharacterString>
                      </gmd:description>
                      <gmd:function>
                        <gmd:CI_OnLineFunctionCode codeList="http://www.isotc211.org/2005/resources/Codelist/gmxCodelists.xml#CI_OnLineFunctionCode" codeListValue="download">download</gmd:CI_OnLineFunctionCode>
                      </gmd:function>
                    </gmd:CI_OnlineResource>
                  </gmd:onlineResource>
                </gmd:CI_Contact>
              </gmd:contactInfo>
              <gmd:role gco:nilReason="inapplicable"/>
            </gmd:CI_ResponsibleParty>
          </gmd:citedResponsibleParty>
          <gmd:citedResponsibleParty>
            <gmd:CI_ResponsibleParty>
              <gmd:organisationName gco:nilReason="inapplicable"/>
              <gmd:contactInfo>
                <gmd:CI_Contact>
                  <gmd:onlineResource>
                    <gmd:CI_OnlineResource>
                      <gmd:linkage>
                        <gmd:URL>https://coast.noaa.gov/dataviewer/#/lidar/search/where:ID=8691</gmd:URL>
                      </gmd:linkage>
                      <gmd:protocol>
                        <gco:CharacterString>WWW:LINK-1.0-http--link</gco:CharacterString>
                      </gmd:protocol>
                      <gmd:name>
                        <gco:CharacterString>
                                                                        Citation URL
                                                                    </gco:CharacterString>
                      </gmd:name>
                      <gmd:description>
                        <gco:CharacterString>Link to custom download, from the Data Access Viewer (DAV), the raster Digital Elevation Model (DEM) data that were created from this lidar data set.</gco:CharacterString>
                      </gmd:description>
                      <gmd:function>
                        <gmd:CI_OnLineFunctionCode codeList="http://www.isotc211.org/2005/resources/Codelist/gmxCodelists.xml#CI_OnLineFunctionCode" codeListValue="download">download</gmd:CI_OnLineFunctionCode>
                      </gmd:function>
                    </gmd:CI_OnlineResource>
                  </gmd:onlineResource>
                </gmd:CI_Contact>
              </gmd:contactInfo>
              <gmd:role gco:nilReason="inapplicable"/>
            </gmd:CI_ResponsibleParty>
          </gmd:citedResponsibleParty>
          <gmd:citedResponsibleParty>
            <gmd:CI_ResponsibleParty>
              <gmd:organisationName gco:nilReason="inapplicable"/>
              <gmd:contactInfo>
                <gmd:CI_Contact>
                  <gmd:onlineResource>
                    <gmd:CI_OnlineResource>
                      <gmd:linkage>
                        <gmd:URL>https://coast.noaa.gov/dataviewer</gmd:URL>
                      </gmd:linkage>
                      <gmd:protocol>
                        <gco:CharacterString>WWW:LINK-1.0-http--link</gco:CharacterString>
                      </gmd:protocol>
                      <gmd:name>
                        <gco:CharacterString>
                                                                        Citation URL
                                                                    </gco:CharacterString>
                      </gmd:name>
                      <gmd:description>
                        <gco:CharacterString>The Data Access Viewer (DAV) allows a user to search for and download elevation, imagery, and land cover data for the coastal U.S. and its territories. The data, hosted by the NOAA Office for Coastal Management, can be customized and requested for free download through a checkout interface. An email provides a link to the customized data, while the original data set is available through a link within the viewer.</gco:CharacterString>
                      </gmd:description>
                      <gmd:function>
                        <gmd:CI_OnLineFunctionCode codeList="http://www.isotc211.org/2005/resources/Codelist/gmxCodelists.xml#CI_OnLineFunctionCode" codeListValue="download">download</gmd:CI_OnLineFunctionCode>
                      </gmd:function>
                    </gmd:CI_OnlineResource>
                  </gmd:onlineResource>
                </gmd:CI_Contact>
              </gmd:contactInfo>
              <gmd:role gco:nilReason="inapplicable"/>
            </gmd:CI_ResponsibleParty>
          </gmd:citedResponsibleParty>
          <gmd:citedResponsibleParty>
            <gmd:CI_ResponsibleParty>
              <gmd:organisationName gco:nilReason="inapplicable"/>
              <gmd:contactInfo>
                <gmd:CI_Contact>
                  <gmd:onlineResource>
                    <gmd:CI_OnlineResource>
                      <gmd:linkage>
                        <gmd:URL>https://coast.noaa.gov/</gmd:URL>
                      </gmd:linkage>
                      <gmd:protocol>
                        <gco:CharacterString>WWW:LINK-1.0-http--link</gco:CharacterString>
                      </gmd:protocol>
                      <gmd:name>
                        <gco:CharacterString>
                                                                        Citation URL
                                                                    </gco:CharacterString>
                      </gmd:name>
                      <gmd:description>
                        <gco:CharacterString>nformation on the NOAA Office for Coastal Management (OCM).</gco:CharacterString>
                      </gmd:description>
                      <gmd:function>
                        <gmd:CI_OnLineFunctionCode codeList="http://www.isotc211.org/2005/resources/Codelist/gmxCodelists.xml#CI_OnLineFunctionCode" codeListValue="download">download</gmd:CI_OnLineFunctionCode>
                      </gmd:function>
                    </gmd:CI_OnlineResource>
                  </gmd:onlineResource>
                </gmd:CI_Contact>
              </gmd:contactInfo>
              <gmd:role gco:nilReason="inapplicable"/>
            </gmd:CI_ResponsibleParty>
          </gmd:citedResponsibleParty>
          <gmd:citedResponsibleParty>
            <gmd:CI_ResponsibleParty>
              <gmd:organisationName gco:nilReason="inapplicable"/>
              <gmd:contactInfo>
                <gmd:CI_Contact>
                  <gmd:onlineResource>
                    <gmd:CI_OnlineResource>
                      <gmd:linkage>
                        <gmd:URL>https://coast.noaa.gov/dataregistry</gmd:URL>
                      </gmd:linkage>
                      <gmd:protocol>
                        <gco:CharacterString>WWW:LINK-1.0-http--link</gco:CharacterString>
                      </gmd:protocol>
                      <gmd:name>
                        <gco:CharacterString>
                                                                        Citation URL
                                                                    </gco:CharacterString>
                      </gmd:name>
                      <gmd:description>
                        <gco:CharacterString>Online Resource</gco:CharacterString>
                      </gmd:description>
                      <gmd:function>
                        <gmd:CI_OnLineFunctionCode codeList="http://www.isotc211.org/2005/resources/Codelist/gmxCodelists.xml#CI_OnLineFunctionCode" codeListValue="download">download</gmd:CI_OnLineFunctionCode>
                      </gmd:function>
                    </gmd:CI_OnlineResource>
                  </gmd:onlineResource>
                </gmd:CI_Contact>
              </gmd:contactInfo>
              <gmd:role gco:nilReason="inapplicable"/>
            </gmd:CI_ResponsibleParty>
          </gmd:citedResponsibleParty>
          <gmd:presentationForm gco:nilReason="unknown"/>
        </gmd:CI_Citation>
      </gmd:citation>
      <gmd:abstract>
        <gco:CharacterString>These files contain classified topo/bathy lidar data. Data are classified as 1 (valid non-ground topographic data), 2 (valid ground topographic data), and 29 (valid bathymetric data). Classes 1 and 2 are defined in accordance with the American Society for Photogrammetry and Remote Sensing (ASPRS) classification standards. These data were collected by the Coastal Zone Mapping and Imaging Lidar (CZMIL) system. CZMIL integrates a lidar sensor with simultaneous topographic and bathymetric capabilities, a digital camera and a hyperspectral imager on a single remote sensing platform for use in coastal mapping and charting activities. Native lidar data is not generally in a format accessible to most Geographic Information Systems (GIS). Specialized in-house and commercial software packages are used to process the native lidar data into 3-dimensional positions that can be imported into GIS software for visualization and further analysis.

In addition to the lidar point data, topobathy bare earth Digital Elevation Models (DEMs) at a 1 meter grid spacing, created from the lidar point data, and the CT RGB imagery are also available from the NOAA Digital Coast.  Links to these data are provided in the URL section of this metadata record.
This data set is a raster file of z values with 2683 columns and 7928 rows. The data set was extracted from a larger classified data set and only includes points classified as Ground and Bathymetric point within the requested geographic bounds.
		</gco:CharacterString>
      </gmd:abstract>
      <gmd:purpose>
        <gco:CharacterString>This data was collected by USACE on behalf of the USACE NCMP to assess elevations above and below water along the coast of Connecticut, Massachusetts,  Maine, New Hampshire, North Carolina, Rhode Island, and South Carolina .</gco:CharacterString>
      </gmd:purpose>
      <gmd:credit>
        <gco:CharacterString>Acknowledgement of the Joint Airborne Lidar Bathymetry Technical Center of eXpertise (JALBTCX) would be appreciated in any publications or derived products.
			The custom download may be cited as National Oceanic and Atmospheric Administration (NOAA) Digital Coast Data Access Viewer. Custom processing of "2018 USACE NCMP Topobathy Lidar:  East Coast (CT, MA, ME, NC, NH, RI, SC)". Charleston, SC: NOAA Office for Coastal Management. Accessed Feb 18, 2023 at https://coast.noaa.gov/dataviewer.
		</gco:CharacterString>
      </gmd:credit>
      <gmd:status>
        <gmd:MD_ProgressCode codeList="http://www.isotc211.org/2005/resources/Codelist/gmxCodelists.xml#gmd:MD_ProgressCode" codeListValue="completed">completed</gmd:MD_ProgressCode>
      </gmd:status>
      <gmd:pointOfContact>
        <gmd:CI_ResponsibleParty>
          <gmd:organisationName>
            <gco:CharacterString>NOAA Office for Coastal Management</gco:CharacterString>
          </gmd:organisationName>
          <gmd:contactInfo>
            <gmd:CI_Contact>
              <gmd:phone>
                <gmd:CI_Telephone>
                  <gmd:voice>
                    <gco:CharacterString>(843) 740-1202</gco:CharacterString>
                  </gmd:voice>
                </gmd:CI_Telephone>
              </gmd:phone>
              <gmd:address>
                <gmd:CI_Address>
                  <gmd:deliveryPoint>
                    <gco:CharacterString>2234 South Hobson Ave</gco:CharacterString>
                  </gmd:deliveryPoint>
                  <gmd:city>
                    <gco:CharacterString>Charleston</gco:CharacterString>
                  </gmd:city>
                  <gmd:administrativeArea>
                    <gco:CharacterString>SC</gco:CharacterString>
                  </gmd:administrativeArea>
                  <gmd:postalCode>
                    <gco:CharacterString>29405-2413</gco:CharacterString>
                  </gmd:postalCode>
                  <gmd:country gco:nilReason="missing"/>
                  <gmd:electronicMailAddress>
                    <gco:CharacterString>coastal.info@noaa.gov</gco:CharacterString>
                  </gmd:electronicMailAddress>
                </gmd:CI_Address>
              </gmd:address>
              <gmd:onlineResource>
                <gmd:CI_OnlineResource>
                  <gmd:linkage>
                    <gmd:URL>https://coast.noaa.gov</gmd:URL>
                  </gmd:linkage>
                  <gmd:protocol>
                    <gco:CharacterString>WWW:LINK-1.0-http--link</gco:CharacterString>
                  </gmd:protocol>
                  <gmd:name>
                    <gco:CharacterString>NOAA Office for Coastal Management Website</gco:CharacterString>
                  </gmd:name>
                  <gmd:description>
                    <gco:CharacterString>NOAA Office for Coastal Management Home Page</gco:CharacterString>
                  </gmd:description>
                  <gmd:function>
                    <gmd:CI_OnLineFunctionCode codeList="http://www.isotc211.org/2005/resources/Codelist/gmxCodelists.xml#CI_OnLineFunctionCode" codeListValue="information">information</gmd:CI_OnLineFunctionCode>
                  </gmd:function>
                </gmd:CI_OnlineResource>
              </gmd:onlineResource>
            </gmd:CI_Contact>
          </gmd:contactInfo>
          <gmd:role>
            <gmd:CI_RoleCode codeList="http://www.isotc211.org/2005/resources/Codelist/gmxCodelists.xml#gmd:CI_RoleCode" codeListValue="pointOfContact">pointOfContact</gmd:CI_RoleCode>
          </gmd:role>
        </gmd:CI_ResponsibleParty>
      </gmd:pointOfContact>
      <gmd:pointOfContact>
        <gmd:CI_ResponsibleParty>
          <gmd:organisationName>
            <gco:CharacterString>NOAA Office for Coastal Management</gco:CharacterString>
          </gmd:organisationName>
          <gmd:contactInfo>
            <gmd:CI_Contact>
              <gmd:phone>
                <gmd:CI_Telephone>
                  <gmd:voice>
                    <gco:CharacterString>(843) 740-1202</gco:CharacterString>
                  </gmd:voice>
                </gmd:CI_Telephone>
              </gmd:phone>
              <gmd:address>
                <gmd:CI_Address>
                  <gmd:deliveryPoint>
                    <gco:CharacterString>2234 South Hobson Ave</gco:CharacterString>
                  </gmd:deliveryPoint>
                  <gmd:city>
                    <gco:CharacterString>Charleston</gco:CharacterString>
                  </gmd:city>
                  <gmd:administrativeArea>
                    <gco:CharacterString>SC</gco:CharacterString>
                  </gmd:administrativeArea>
                  <gmd:postalCode>
                    <gco:CharacterString>29405-2413</gco:CharacterString>
                  </gmd:postalCode>
                  <gmd:country gco:nilReason="missing"/>
                  <gmd:electronicMailAddress>
                    <gco:CharacterString>coastal.info@noaa.gov</gco:CharacterString>
                  </gmd:electronicMailAddress>
                </gmd:CI_Address>
              </gmd:address>
              <gmd:onlineResource>
                <gmd:CI_OnlineResource>
                  <gmd:linkage>
                    <gmd:URL>https://coast.noaa.gov</gmd:URL>
                  </gmd:linkage>
                  <gmd:protocol>
                    <gco:CharacterString>WWW:LINK-1.0-http--link</gco:CharacterString>
                  </gmd:protocol>
                  <gmd:name>
                    <gco:CharacterString>NOAA Office for Coastal Management Website</gco:CharacterString>
                  </gmd:name>
                  <gmd:description>
                    <gco:CharacterString>NOAA Office for Coastal Management Home Page</gco:CharacterString>
                  </gmd:description>
                  <gmd:function>
                    <gmd:CI_OnLineFunctionCode codeList="http://www.isotc211.org/2005/resources/Codelist/gmxCodelists.xml#CI_OnLineFunctionCode" codeListValue="information">information</gmd:CI_OnLineFunctionCode>
                  </gmd:function>
                </gmd:CI_OnlineResource>
              </gmd:onlineResource>
            </gmd:CI_Contact>
          </gmd:contactInfo>
          <gmd:role>
            <gmd:CI_RoleCode codeList="http://www.isotc211.org/2005/resources/Codelist/gmxCodelists.xml#gmd:CI_RoleCode" codeListValue="custodian">custodian</gmd:CI_RoleCode>
          </gmd:role>
        </gmd:CI_ResponsibleParty>
      </gmd:pointOfContact>
      <gmd:resourceMaintenance>
        <gmd:MD_MaintenanceInformation>
          <gmd:maintenanceAndUpdateFrequency>
            <gmd:MD_MaintenanceFrequencyCode codeList="http://www.tc211.org/ISO19139/resources/codeList.xml#MD_MaintenanceFrequencyCode" codeListValue="asNeeded">asNeeded</gmd:MD_MaintenanceFrequencyCode>
          </gmd:maintenanceAndUpdateFrequency>
        </gmd:MD_MaintenanceInformation>
      </gmd:resourceMaintenance>
      <gmd:graphicOverview>
        <gmd:MD_BrowseGraphic>
          <gmd:fileName>
            <gco:CharacterString>https://noaa-nos-coastal-lidar-pds.s3.amazonaws.com/laz/geoid12b/8688/supplemental/usace2018_east_cst_m8688.kmz</gco:CharacterString>
          </gmd:fileName>
          <gmd:fileDescription>
            <gco:CharacterString>This graphic shows the lidar coverage for the 2018 topobathy lidar acquisition along the US east coast.</gco:CharacterString>
          </gmd:fileDescription>
          <gmd:fileType>
            <gco:CharacterString>kmz</gco:CharacterString>
          </gmd:fileType>
        </gmd:MD_BrowseGraphic>
      </gmd:graphicOverview>
      <gmd:descriptiveKeywords>
        <gmd:MD_Keywords>
          <gmd:keyword>
            <gco:CharacterString>DOD/USARMY/USACE/SAM/MOBILE/OPJ/JALBTCX &gt; Joint Airborne Lidar Bathymetry Technical Center of Expertise, Mobile District, South Atlantic Division, U.S. Army Corps of Engineers, U.S. Army, U.S. Department of Defense</gco:CharacterString>
          </gmd:keyword>
          <gmd:type>
            <gmd:MD_KeywordTypeCode codeList="http://www.isotc211.org/2005/resources/Codelist/gmxCodelists.xml#gmd:MD_KeywordTypeCode" codeListValue="dataCentre">dataCentre</gmd:MD_KeywordTypeCode>
          </gmd:type>
          <gmd:thesaurusName>
            <gmd:CI_Citation>
              <gmd:title>
                <gco:CharacterString>Global Change Master Directory (GCMD) Data Center Keywords</gco:CharacterString>
              </gmd:title>
              <gmd:date gco:nilReason="missing"/>
              <gmd:edition>
                <gco:CharacterString>10.7</gco:CharacterString>
              </gmd:edition>
            </gmd:CI_Citation>
          </gmd:thesaurusName>
        </gmd:MD_Keywords>
      </gmd:descriptiveKeywords>
      <gmd:descriptiveKeywords>
        <gmd:MD_Keywords>
          <gmd:keyword>
            <gco:CharacterString>EARTH SCIENCE &gt; HUMAN DIMENSIONS &gt; ENVIRONMENTAL GOVERNANCE/MANAGEMENT &gt; LAND MANAGEMENT &gt; LAND USE CLASSES</gco:CharacterString>
          </gmd:keyword>
          <gmd:keyword>
            <gco:CharacterString>EARTH SCIENCE &gt; LAND SURFACE &gt; GEOMORPHIC LANDFORMS/PROCESSES</gco:CharacterString>
          </gmd:keyword>
          <gmd:keyword>
            <gco:CharacterString>EARTH SCIENCE &gt; LAND SURFACE &gt; TOPOGRAPHY &gt; TERRAIN ELEVATION</gco:CharacterString>
          </gmd:keyword>
          <gmd:keyword>
            <gco:CharacterString>EARTH SCIENCE &gt; OCEANS &gt; BATHYMETRY/SEAFLOOR TOPOGRAPHY &gt; BATHYMETRY</gco:CharacterString>
          </gmd:keyword>
          <gmd:keyword>
            <gco:CharacterString>EARTH SCIENCE &gt; OCEANS &gt; BATHYMETRY/SEAFLOOR TOPOGRAPHY &gt; SEAFLOOR TOPOGRAPHY</gco:CharacterString>
          </gmd:keyword>
          <gmd:keyword>
            <gco:CharacterString>EARTH SCIENCE &gt; OCEANS &gt; COASTAL PROCESSES &gt; COASTAL ELEVATION</gco:CharacterString>
          </gmd:keyword>
          <gmd:type>
            <gmd:MD_KeywordTypeCode codeList="http://www.isotc211.org/2005/resources/Codelist/gmxCodelists.xml#gmd:MD_KeywordTypeCode" codeListValue="theme">theme</gmd:MD_KeywordTypeCode>
          </gmd:type>
          <gmd:thesaurusName>
            <gmd:CI_Citation>
              <gmd:title>
                <gco:CharacterString>Global Change Master Directory (GCMD) Science Keywords</gco:CharacterString>
              </gmd:title>
              <gmd:date gco:nilReason="missing"/>
              <gmd:edition>
                <gco:CharacterString>12.3</gco:CharacterString>
              </gmd:edition>
            </gmd:CI_Citation>
          </gmd:thesaurusName>
        </gmd:MD_Keywords>
      </gmd:descriptiveKeywords>
      <gmd:descriptiveKeywords>
        <gmd:MD_Keywords>
          <gmd:keyword>
            <gco:CharacterString>CONTINENT &gt; NORTH AMERICA &gt; UNITED STATES OF AMERICA</gco:CharacterString>
          </gmd:keyword>
          <gmd:keyword>
            <gco:CharacterString>CONTINENT &gt; NORTH AMERICA &gt; UNITED STATES OF AMERICA &gt; CONNECTICUT</gco:CharacterString>
          </gmd:keyword>
          <gmd:keyword>
            <gco:CharacterString>CONTINENT &gt; NORTH AMERICA &gt; UNITED STATES OF AMERICA &gt; MAINE</gco:CharacterString>
          </gmd:keyword>
          <gmd:keyword>
            <gco:CharacterString>CONTINENT &gt; NORTH AMERICA &gt; UNITED STATES OF AMERICA &gt; MASSACHUSETTS</gco:CharacterString>
          </gmd:keyword>
          <gmd:keyword>
            <gco:CharacterString>CONTINENT &gt; NORTH AMERICA &gt; UNITED STATES OF AMERICA &gt; NEW HAMPSHIRE</gco:CharacterString>
          </gmd:keyword>
          <gmd:keyword>
            <gco:CharacterString>CONTINENT &gt; NORTH AMERICA &gt; UNITED STATES OF AMERICA &gt; NORTH CAROLINA</gco:CharacterString>
          </gmd:keyword>
          <gmd:keyword>
            <gco:CharacterString>CONTINENT &gt; NORTH AMERICA &gt; UNITED STATES OF AMERICA &gt; RHODE ISLAND</gco:CharacterString>
          </gmd:keyword>
          <gmd:keyword>
            <gco:CharacterString>CONTINENT &gt; NORTH AMERICA &gt; UNITED STATES OF AMERICA &gt; SOUTH CAROLINA</gco:CharacterString>
          </gmd:keyword>
          <gmd:keyword>
            <gco:CharacterString>VERTICAL LOCATION &gt; LAND SURFACE</gco:CharacterString>
          </gmd:keyword>
          <gmd:keyword>
            <gco:CharacterString>VERTICAL LOCATION &gt; SEA FLOOR</gco:CharacterString>
          </gmd:keyword>
          <gmd:type>
            <gmd:MD_KeywordTypeCode codeList="http://www.isotc211.org/2005/resources/Codelist/gmxCodelists.xml#gmd:MD_KeywordTypeCode" codeListValue="place">place</gmd:MD_KeywordTypeCode>
          </gmd:type>
          <gmd:thesaurusName>
            <gmd:CI_Citation>
              <gmd:title>
                <gco:CharacterString>Global Change Master Directory (GCMD) Location Keywords</gco:CharacterString>
              </gmd:title>
              <gmd:date gco:nilReason="missing"/>
              <gmd:edition>
                <gco:CharacterString>12.3</gco:CharacterString>
              </gmd:edition>
            </gmd:CI_Citation>
          </gmd:thesaurusName>
        </gmd:MD_Keywords>
      </gmd:descriptiveKeywords>
      <gmd:descriptiveKeywords>
        <gmd:MD_Keywords>
          <gmd:keyword>
            <gco:CharacterString>AIRCRAFT</gco:CharacterString>
          </gmd:keyword>
          <gmd:type>
            <gmd:MD_KeywordTypeCode codeList="http://www.isotc211.org/2005/resources/Codelist/gmxCodelists.xml#gmd:MD_KeywordTypeCode" codeListValue="platform">platform</gmd:MD_KeywordTypeCode>
          </gmd:type>
          <gmd:thesaurusName>
            <gmd:CI_Citation>
              <gmd:title>
                <gco:CharacterString>Global Change Master Directory (GCMD) Platform Keywords</gco:CharacterString>
              </gmd:title>
              <gmd:date gco:nilReason="missing"/>
              <gmd:edition>
                <gco:CharacterString>10.3</gco:CharacterString>
              </gmd:edition>
            </gmd:CI_Citation>
          </gmd:thesaurusName>
        </gmd:MD_Keywords>
      </gmd:descriptiveKeywords>
      <gmd:descriptiveKeywords>
        <gmd:MD_Keywords>
          <gmd:keyword>
            <gco:CharacterString>Earth Remote Sensing Instruments &gt; Active Remote Sensing &gt; Profilers/Sounders &gt; Lidar/Laser Sounders &gt; LIDAR &gt; Light Detection and Ranging</gco:CharacterString>
          </gmd:keyword>
          <gmd:type>
            <gmd:MD_KeywordTypeCode codeList="http://www.isotc211.org/2005/resources/Codelist/gmxCodelists.xml#gmd:MD_KeywordTypeCode" codeListValue="instrument">instrument</gmd:MD_KeywordTypeCode>
          </gmd:type>
          <gmd:thesaurusName>
            <gmd:CI_Citation>
              <gmd:title>
                <gco:CharacterString>Global Change Master Directory (GCMD) Instrument Keywords</gco:CharacterString>
              </gmd:title>
              <gmd:date gco:nilReason="missing"/>
            </gmd:CI_Citation>
          </gmd:thesaurusName>
        </gmd:MD_Keywords>
      </gmd:descriptiveKeywords>
      <gmd:descriptiveKeywords>
        <gmd:MD_Keywords>
          <gmd:keyword>
            <gco:CharacterString>U.S. Army Corps of Engineers (USACE)</gco:CharacterString>
          </gmd:keyword>
          <gmd:type>
            <gmd:MD_KeywordTypeCode codeList="http://www.isotc211.org/2005/resources/Codelist/gmxCodelists.xml#gmd:MD_KeywordTypeCode" codeListValue="theme">theme</gmd:MD_KeywordTypeCode>
          </gmd:type>
        </gmd:MD_Keywords>
      </gmd:descriptiveKeywords>
      <gmd:descriptiveKeywords>
        <gmd:MD_Keywords>
          <gmd:keyword>
            <gco:CharacterString>2018</gco:CharacterString>
          </gmd:keyword>
          <gmd:keyword>
            <gco:CharacterString>August</gco:CharacterString>
          </gmd:keyword>
          <gmd:keyword>
            <gco:CharacterString>July</gco:CharacterString>
          </gmd:keyword>
          <gmd:keyword>
            <gco:CharacterString>June</gco:CharacterString>
          </gmd:keyword>
          <gmd:keyword>
            <gco:CharacterString>May</gco:CharacterString>
          </gmd:keyword>
          <gmd:keyword>
            <gco:CharacterString>September</gco:CharacterString>
          </gmd:keyword>
          <gmd:type>
            <gmd:MD_KeywordTypeCode codeList="http://www.isotc211.org/2005/resources/Codelist/gmxCodelists.xml#gmd:MD_KeywordTypeCode" codeListValue="temporal">temporal</gmd:MD_KeywordTypeCode>
          </gmd:type>
        </gmd:MD_Keywords>
      </gmd:descriptiveKeywords>
      <gmd:descriptiveKeywords>
        <gmd:MD_Keywords>
          <gmd:keyword>
            <gco:CharacterString>Lidar - partner (no harvest)</gco:CharacterString>
          </gmd:keyword>
          <gmd:type>
            <gmd:MD_KeywordTypeCode codeList="https://data.noaa.gov/resources/iso19139/schema/resources/Codelist/gmxCodelists.xml#MD_KeywordTypeCode" codeListValue="project">project</gmd:MD_KeywordTypeCode>
          </gmd:type>
          <gmd:thesaurusName>
            <gmd:CI_Citation>
              <gmd:title>
                <gco:CharacterString>InPort</gco:CharacterString>
              </gmd:title>
              <gmd:date gco:nilReason="inapplicable"/>
            </gmd:CI_Citation>
          </gmd:thesaurusName>
        </gmd:MD_Keywords>
      </gmd:descriptiveKeywords>
      <gmd:resourceConstraints>
        <gmd:MD_LegalConstraints>
          <gmd:useConstraints>
            <gmd:MD_RestrictionCode codeList="http://www.isotc211.org/2005/resources/Codelist/gmxCodelists.xml#gmd:MD_RestrictionCode" codeListValue="otherRestrictions">otherRestrictions</gmd:MD_RestrictionCode>
          </gmd:useConstraints>
          <gmd:otherConstraints>
            <gco:CharacterString>
		This data set was compiled dynamically, and will exist on https://chs.coast.noaa.gov/pickup/dav/592483/592483/usace2018_east_cst_Job831130.zip until 10 days after 02/18/2023. The file will then be deleted from the system.
			Cite As: OCM Partners, [Date of Access]: 2018 USACE NCMP Topobathy Lidar: East Coast (CT, MA, ME, NC, NH, RI, SC) [Data Date Range], https://www.fisheries.noaa.gov/inport/item/55881.</gco:CharacterString>
          </gmd:otherConstraints>
        </gmd:MD_LegalConstraints>
      </gmd:resourceConstraints>
      <gmd:resourceConstraints>
        <gmd:MD_Constraints>
          <gmd:useLimitation>
            <gco:CharacterString>NOAA provides no warranty, nor accepts any liability occurring from any incomplete, incorrect, or misleading data, or from any incorrect, incomplete, or misleading use of the data. It is the responsibility of the user to determine whether or not the data is suitable for the intended purpose.</gco:CharacterString>
          </gmd:useLimitation>
        </gmd:MD_Constraints>
      </gmd:resourceConstraints>
      <gmd:resourceConstraints>
        <gmd:MD_LegalConstraints>
          <gmd:accessConstraints>
            <gmd:MD_RestrictionCode codeList="http://www.isotc211.org/2005/resources/Codelist/gmxCodelists.xml#gmd:MD_RestrictionCode" codeListValue="otherRestrictions">otherRestrictions</gmd:MD_RestrictionCode>
          </gmd:accessConstraints>
          <gmd:useConstraints>
            <gmd:MD_RestrictionCode codeList="http://www.isotc211.org/2005/resources/Codelist/gmxCodelists.xml#gmd:MD_RestrictionCode" codeListValue="otherRestrictions">otherRestrictions</gmd:MD_RestrictionCode>
          </gmd:useConstraints>
          <gmd:otherConstraints>
            <gco:CharacterString>
		This data set was compiled dynamically, and will exist on https://chs.coast.noaa.gov/pickup/dav/592483/592483/usace2018_east_cst_Job831130.zip until 10 days after 02/18/2023. The file will then be deleted from the system.
			Access Constraints: These data have been developed from the best available sources. Although efforts have been made to ensure that the data are accurate and reliable, errors and variable conditions originating from physical sources used to develop the data may be reflected in the data supplied. Users must be aware of these conditions and bear responsibility for the appropriate use of the information with respect to possible errors, scale, resolution, rectification, positional accuracy, development methodology, time period, environmental and climatic conditions and other circumstances specific to these data. The user is responsible for understanding the accuracy limitations of the data provided herein. The burden for determining fitness for use lies entirely with the user. The user should refer to the accompanying metadata notes for a description of the data and data development procedures. | Use Constraints: These data depict the heights at the time of the survey and are only accurate for that time. Acknowledgement of the Joint Airborne Lidar Bathymetry Technical Center of eXpertise (JALBTCX) would be appreciated in any publications or derived products. The data herein, including but not limited to geographic data, tabular data, analytical data, electronic data structures or files, are provided "as is" without warranty of any kind, either expressed or implied, or statutory, including, but not limited to, the implied warranties or merchantability and fitness for a particular purpose. The entire risk as to the quality and performance of the data is assumed by the user. No guarantee of accuracy is granted, nor is any responsibility for reliance thereon assumed. In no event shall the U.S. Army Corps of Engineers, Mobile District Office, Spatial Data Branch be liable for direct, indirect, incidental, consequential or special damages of any kind, including, but not limited to, loss of anticipated profits or benefits arising out of use of or reliance on the data. The Spatial Data Branch does not accept liability for any damages or misrepresentation caused by inaccuracies in the data or as a result of changes to the data caused by system transfers or other transformations or conversions, nor is there responsibility assumed to maintain the data in any manner or form.  Users should be aware that temporal changes may have occurred since this dataset was collected and that some parts of these data may no longer represent actual surface conditions. Users should not use these data for critical applications without a full awareness of its limitations. | Distribution Liability: These data have been developed from the best available sources. Although efforts have been made to ensure that the data are accurate and reliable, errors and variable conditions originating from physical sources used to develop the data may be reflected in the data supplied. Users must be aware of these conditions and bear responsibility for the appropriate use of the information with respect to possible errors, scale, resolution, rectification, positional accuracy, development methodology, time period, environmental and climatic conditions and other circumstances specific to these data. The user is responsible for understanding the accuracy limitations of the data provided herein. The burden for determining fitness for use lies entirely with the user. The user should refer to the accompanying metadata notes for a description of the data and data development procedures. Any conclusions drawn from the analysis of this information are not the responsibility of USACE, JALBTCX, the Office for Coastal Management, or its partners.</gco:CharacterString>
          </gmd:otherConstraints>
        </gmd:MD_LegalConstraints>
      </gmd:resourceConstraints>
      <gmd:resourceConstraints>
        <gmd:MD_SecurityConstraints>
          <gmd:classification>
            <gmd:MD_ClassificationCode codeList="http://www.isotc211.org/2005/resources/Codelist/gmxCodelists.xml#gmd:MD_ClassificationCode" codeListValue="unclassified">unclassified</gmd:MD_ClassificationCode>
          </gmd:classification>
          <gmd:classificationSystem gco:nilReason="missing"/>
          <gmd:handlingDescription gco:nilReason="missing"/>
        </gmd:MD_SecurityConstraints>
      </gmd:resourceConstraints>
      <gmd:aggregationInfo>
        <gmd:MD_AggregateInformation>
          <gmd:aggregateDataSetName>
            <gmd:CI_Citation>
              <gmd:title>
                <gco:CharacterString>2018 Coastal Connecticut RCD30 4-Band 8 Bit Imagery</gco:CharacterString>
              </gmd:title>
              <gmd:date gco:nilReason="unknown"/>
              <gmd:identifier>
                <gmd:MD_Identifier>
                  <gmd:authority>
                    <gmd:CI_Citation>
                      <gmd:title>
                        <gco:CharacterString>NOAA/NMFS/EDM</gco:CharacterString>
                      </gmd:title>
                      <gmd:date gco:nilReason="inapplicable"/>
                    </gmd:CI_Citation>
                  </gmd:authority>
                  <gmd:code>
                    <gco:CharacterString>56034</gco:CharacterString>
                  </gmd:code>
                </gmd:MD_Identifier>
              </gmd:identifier>
            </gmd:CI_Citation>
          </gmd:aggregateDataSetName>
          <gmd:associationType>
            <gmd:DS_AssociationTypeCode codeList="http://www.isotc211.org/2005/resources/Codelist/gmxCodelists.xml#DS_AssociationTypeCode" codeListValue="crossReference">crossReference</gmd:DS_AssociationTypeCode>
          </gmd:associationType>
        </gmd:MD_AggregateInformation>
      </gmd:aggregationInfo>
      <gmd:aggregationInfo>
        <gmd:MD_AggregateInformation>
          <gmd:aggregateDataSetName>
            <gmd:CI_Citation>
              <gmd:title>
                <gco:CharacterString>2018 USACE NCMP Topobathy Lidar DEM: East Coast (CT, MA, ME, NC, NH, RI, SC))</gco:CharacterString>
              </gmd:title>
              <gmd:date gco:nilReason="unknown"/>
              <gmd:identifier>
                <gmd:MD_Identifier>
                  <gmd:authority>
                    <gmd:CI_Citation>
                      <gmd:title>
                        <gco:CharacterString>NOAA/NMFS/EDM</gco:CharacterString>
                      </gmd:title>
                      <gmd:date gco:nilReason="inapplicable"/>
                    </gmd:CI_Citation>
                  </gmd:authority>
                  <gmd:code>
                    <gco:CharacterString>55882</gco:CharacterString>
                  </gmd:code>
                </gmd:MD_Identifier>
              </gmd:identifier>
            </gmd:CI_Citation>
          </gmd:aggregateDataSetName>
          <gmd:associationType>
            <gmd:DS_AssociationTypeCode codeList="http://www.isotc211.org/2005/resources/Codelist/gmxCodelists.xml#DS_AssociationTypeCode" codeListValue="crossReference">crossReference</gmd:DS_AssociationTypeCode>
          </gmd:associationType>
        </gmd:MD_AggregateInformation>
      </gmd:aggregationInfo>
      <gmd:aggregationInfo>
        <gmd:MD_AggregateInformation>
          <gmd:aggregateDataSetName>
            <gmd:CI_Citation>
              <gmd:title>
                <gco:CharacterString>NOAA Data Management Plan (DMP)</gco:CharacterString>
              </gmd:title>
              <gmd:date gco:nilReason="unknown"/>
              <gmd:identifier>
                <gmd:MD_Identifier>
                  <gmd:authority>
                    <gmd:CI_Citation>
                      <gmd:title>
                        <gco:CharacterString>NOAA/NMFS/EDM</gco:CharacterString>
                      </gmd:title>
                      <gmd:date gco:nilReason="inapplicable"/>
                    </gmd:CI_Citation>
                  </gmd:authority>
                  <gmd:code>
                    <gco:CharacterString>55881</gco:CharacterString>
                  </gmd:code>
                </gmd:MD_Identifier>
              </gmd:identifier>
              <gmd:citedResponsibleParty>
                <gmd:CI_ResponsibleParty>
                  <gmd:organisationName gco:nilReason="inapplicable"/>
                  <gmd:contactInfo>
                    <gmd:CI_Contact>
                      <gmd:onlineResource>
                        <gmd:CI_OnlineResource>
                          <gmd:linkage>
                            <gmd:URL>https://www.fisheries.noaa.gov/inportserve/waf/noaa/nos/ocmp/dmp/pdf/55881.pdf</gmd:URL>
                          </gmd:linkage>
                          <gmd:protocol>
                            <gco:CharacterString>WWW:LINK-1.0-http--link</gco:CharacterString>
                          </gmd:protocol>
                          <gmd:name>
                            <gco:CharacterString>NOAA Data Management Plan (DMP)</gco:CharacterString>
                          </gmd:name>
                          <gmd:description>
                            <gco:CharacterString>NOAA Data Management Plan for this record on InPort.</gco:CharacterString>
                          </gmd:description>
                          <gmd:function>
                            <gmd:CI_OnLineFunctionCode codeList="http://www.isotc211.org/2005/resources/Codelist/gmxCodelists.xml#CI_OnLineFunctionCode" codeListValue="information">information</gmd:CI_OnLineFunctionCode>
                          </gmd:function>
                        </gmd:CI_OnlineResource>
                      </gmd:onlineResource>
                    </gmd:CI_Contact>
                  </gmd:contactInfo>
                  <gmd:role gco:nilReason="inapplicable"/>
                </gmd:CI_ResponsibleParty>
              </gmd:citedResponsibleParty>
            </gmd:CI_Citation>
          </gmd:aggregateDataSetName>
          <gmd:associationType>
            <gmd:DS_AssociationTypeCode codeList="http://www.isotc211.org/2005/resources/Codelist/gmxCodelists.xml#DS_AssociationTypeCode" codeListValue="crossReference">crossReference</gmd:DS_AssociationTypeCode>
          </gmd:associationType>
        </gmd:MD_AggregateInformation>
      </gmd:aggregationInfo>
      <gmd:spatialRepresentationType>
        <gmd:MD_SpatialRepresentationTypeCode codeList="http://www.isotc211.org/2005/resources/Codelist/gmxCodelists.xml#gmd:MD_SpatialRepresentationTypeCode" codeListValue="vector">vector</gmd:MD_SpatialRepresentationTypeCode>
      </gmd:spatialRepresentationType>
      <gmd:language>
        <gco:CharacterString>eng; US</gco:CharacterString>
      </gmd:language>
      <gmd:topicCategory>
        <gmd:MD_TopicCategoryCode>elevation</gmd:MD_TopicCategoryCode>
      </gmd:topicCategory>
      <gmd:topicCategory>
        <gmd:MD_TopicCategoryCode>imageryBaseMapsEarthCover</gmd:MD_TopicCategoryCode>
      </gmd:topicCategory>
      <gmd:topicCategory>
        <gmd:MD_TopicCategoryCode>oceans</gmd:MD_TopicCategoryCode>
      </gmd:topicCategory>
      <gmd:environmentDescription>
        <gco:CharacterString>Microsoft Windows 7 Version 6.1 (Build 7601) Service Pack 1; Esri ArcGIS 10.1.0.3035</gco:CharacterString>
      </gmd:environmentDescription>
      <gmd:extent>
        <gmd:EX_Extent>
          <gmd:geographicElement>
            <gmd:EX_GeographicBoundingBox>
              <gmd:westBoundLongitude>
                <gco:Decimal>
		-69.962570717465454
		</gco:Decimal>
              </gmd:westBoundLongitude>
              <gmd:eastBoundLongitude>
                <gco:Decimal>
		-69.93463896
		</gco:Decimal>
              </gmd:eastBoundLongitude>
              <gmd:southBoundLatitude>
                <gco:Decimal>32.040435</gco:Decimal>
              </gmd:southBoundLatitude>
              <gmd:northBoundLatitude>
                <gco:Decimal>44.404295</gco:Decimal>
              </gmd:northBoundLatitude>
            </gmd:EX_GeographicBoundingBox>
          </gmd:geographicElement>
          <gmd:temporalElement>
            <gmd:EX_TemporalExtent>
              <gmd:extent>
                <gml:TimePeriod gml:id="boundingTemporalExtent-1-1">
                  <gml:description>Massachusetts collection | Currentness: Ground Condition</gml:description>
                  <gml:beginPosition>2018-05-09</gml:beginPosition>
                  <gml:endPosition>2018-08-27</gml:endPosition>
                </gml:TimePeriod>
              </gmd:extent>
            </gmd:EX_TemporalExtent>
          </gmd:temporalElement>
          <gmd:temporalElement>
            <gmd:EX_TemporalExtent>
              <gmd:extent>
                <gml:TimePeriod gml:id="boundingTemporalExtent-1-2">
                  <gml:description>South Carolina collection | Currentness: Ground Condition</gml:description>
                  <gml:beginPosition>2018-05-09</gml:beginPosition>
                  <gml:endPosition>2018-05-23</gml:endPosition>
                </gml:TimePeriod>
              </gmd:extent>
            </gmd:EX_TemporalExtent>
          </gmd:temporalElement>
          <gmd:temporalElement>
            <gmd:EX_TemporalExtent>
              <gmd:extent>
                <gml:TimePeriod gml:id="boundingTemporalExtent-1-3">
                  <gml:description>Connecticut collection | Currentness: Ground Condition</gml:description>
                  <gml:beginPosition>2018-05-25</gml:beginPosition>
                  <gml:endPosition>2018-06-18</gml:endPosition>
                </gml:TimePeriod>
              </gmd:extent>
            </gmd:EX_TemporalExtent>
          </gmd:temporalElement>
          <gmd:temporalElement>
            <gmd:EX_TemporalExtent>
              <gmd:extent>
                <gml:TimePeriod gml:id="boundingTemporalExtent-1-4">
                  <gml:description>Rhode Island collection | Currentness: Ground Condition</gml:description>
                  <gml:beginPosition>2018-05-25</gml:beginPosition>
                  <gml:endPosition>2018-08-08</gml:endPosition>
                </gml:TimePeriod>
              </gmd:extent>
            </gmd:EX_TemporalExtent>
          </gmd:temporalElement>
          <gmd:temporalElement>
            <gmd:EX_TemporalExtent>
              <gmd:extent>
                <gml:TimePeriod gml:id="boundingTemporalExtent-1-5">
                  <gml:description>North Carolina collection | Currentness: Ground Condition</gml:description>
                  <gml:beginPosition>2018-08-24</gml:beginPosition>
                  <gml:endPosition>2018-08-28</gml:endPosition>
                </gml:TimePeriod>
              </gmd:extent>
            </gmd:EX_TemporalExtent>
          </gmd:temporalElement>
          <gmd:temporalElement>
            <gmd:EX_TemporalExtent>
              <gmd:extent>
                <gml:TimePeriod gml:id="boundingTemporalExtent-1-6">
                  <gml:description>Maine collection | Currentness: Ground Condition</gml:description>
                  <gml:beginPosition>2018-08-24</gml:beginPosition>
                  <gml:endPosition>2018-09-05</gml:endPosition>
                </gml:TimePeriod>
              </gmd:extent>
            </gmd:EX_TemporalExtent>
          </gmd:temporalElement>
          <gmd:temporalElement>
            <gmd:EX_TemporalExtent>
              <gmd:extent>
                <gml:TimePeriod gml:id="boundingTemporalExtent-1-7">
                  <gml:description>New Hampshire collection | Currentness: Ground Condition</gml:description>
                  <gml:beginPosition>2018-08-31</gml:beginPosition>
                  <gml:endPosition>2018-09-01</gml:endPosition>
                </gml:TimePeriod>
              </gmd:extent>
            </gmd:EX_TemporalExtent>
          </gmd:temporalElement>
        </gmd:EX_Extent>
      </gmd:extent>
    </gmd:MD_DataIdentification>
  </gmd:identificationInfo>
  <gmd:distributionInfo>
    <gmd:MD_Distribution>
      <gmd:distributionFormat>
        <gmd:MD_Format>
          <gmd:name>
            <gco:CharacterString>ZIP</gco:CharacterString>
          </gmd:name>
          <gmd:version gco:nilReason="missing"/>
        </gmd:MD_Format>
      </gmd:distributionFormat>
      <gmd:distributionFormat>
        <gmd:MD_Format>
          <gmd:name>
            <gco:CharacterString>Zip</gco:CharacterString>
          </gmd:name>
          <gmd:version gco:nilReason="missing"/>
        </gmd:MD_Format>
      </gmd:distributionFormat>
      <gmd:distributor>
        <gmd:MD_Distributor>
          <gmd:distributorContact>
            <gmd:CI_ResponsibleParty>
              <gmd:organisationName>
                <gco:CharacterString>NOAA Office for Coastal Management</gco:CharacterString>
              </gmd:organisationName>
              <gmd:contactInfo>
                <gmd:CI_Contact>
                  <gmd:phone>
                    <gmd:CI_Telephone>
                      <gmd:voice>
                        <gco:CharacterString>(843) 740-1202</gco:CharacterString>
                      </gmd:voice>
                    </gmd:CI_Telephone>
                  </gmd:phone>
                  <gmd:address>
                    <gmd:CI_Address>
                      <gmd:deliveryPoint>
                        <gco:CharacterString>2234 South Hobson Ave</gco:CharacterString>
                      </gmd:deliveryPoint>
                      <gmd:city>
                        <gco:CharacterString>Charleston</gco:CharacterString>
                      </gmd:city>
                      <gmd:administrativeArea>
                        <gco:CharacterString>SC</gco:CharacterString>
                      </gmd:administrativeArea>
                      <gmd:postalCode>
                        <gco:CharacterString>29405-2413</gco:CharacterString>
                      </gmd:postalCode>
                      <gmd:country gco:nilReason="missing"/>
                      <gmd:electronicMailAddress>
                        <gco:CharacterString>coastal.info@noaa.gov</gco:CharacterString>
                      </gmd:electronicMailAddress>
                    </gmd:CI_Address>
                  </gmd:address>
                  <gmd:onlineResource>
                    <gmd:CI_OnlineResource>
                      <gmd:linkage>
                        <gmd:URL>https://coast.noaa.gov</gmd:URL>
                      </gmd:linkage>
                      <gmd:protocol>
                        <gco:CharacterString>WWW:LINK-1.0-http--link</gco:CharacterString>
                      </gmd:protocol>
                      <gmd:name>
                        <gco:CharacterString>NOAA Office for Coastal Management Website</gco:CharacterString>
                      </gmd:name>
                      <gmd:description>
                        <gco:CharacterString>NOAA Office for Coastal Management Home Page</gco:CharacterString>
                      </gmd:description>
                      <gmd:function>
                        <gmd:CI_OnLineFunctionCode codeList="http://www.isotc211.org/2005/resources/Codelist/gmxCodelists.xml#CI_OnLineFunctionCode" codeListValue="information">information</gmd:CI_OnLineFunctionCode>
                      </gmd:function>
                    </gmd:CI_OnlineResource>
                  </gmd:onlineResource>
                </gmd:CI_Contact>
              </gmd:contactInfo>
              <gmd:role>
                <gmd:CI_RoleCode codeList="http://www.isotc211.org/2005/resources/Codelist/gmxCodelists.xml#gmd:CI_RoleCode" codeListValue="distributor">distributor</gmd:CI_RoleCode>
              </gmd:role>
            </gmd:CI_ResponsibleParty>
          </gmd:distributorContact>
        </gmd:MD_Distributor>
      </gmd:distributor>
      <gmd:transferOptions>
        <gmd:MD_DigitalTransferOptions>
          <gmd:onLine>
            <gmd:CI_OnlineResource>
              <gmd:linkage>
                <gmd:URL>https://coast.noaa.gov/dataviewer/#/lidar/search/where:ID=8688</gmd:URL>
              </gmd:linkage>
              <gmd:protocol>
                <gco:CharacterString>WWW:LINK-1.0-http--link</gco:CharacterString>
              </gmd:protocol>
              <gmd:name>
                <gco:CharacterString>Customized Download</gco:CharacterString>
              </gmd:name>
              <gmd:description>
                <gco:CharacterString>Create custom data files by choosing data area, product type, map projection, file format, datum, etc.</gco:CharacterString>
              </gmd:description>
              <gmd:function>
                <gmd:CI_OnLineFunctionCode codeList="http://www.isotc211.org/2005/resources/Codelist/gmxCodelists.xml#CI_OnLineFunctionCode" codeListValue="download">download</gmd:CI_OnLineFunctionCode>
              </gmd:function>
            </gmd:CI_OnlineResource>
          </gmd:onLine>
        </gmd:MD_DigitalTransferOptions>
      </gmd:transferOptions>
      <gmd:transferOptions>
        <gmd:MD_DigitalTransferOptions>
          <gmd:onLine>
            <gmd:CI_OnlineResource>
              <gmd:linkage>
                <gmd:URL>https://noaa-nos-coastal-lidar-pds.s3.amazonaws.com/laz/geoid12b/8688/index.html</gmd:URL>
              </gmd:linkage>
              <gmd:protocol>
                <gco:CharacterString>WWW:LINK-1.0-http--link</gco:CharacterString>
              </gmd:protocol>
              <gmd:name>
                <gco:CharacterString>Bulk Download</gco:CharacterString>
              </gmd:name>
              <gmd:description>
                <gco:CharacterString>Simple download of data files.</gco:CharacterString>
              </gmd:description>
              <gmd:function>
                <gmd:CI_OnLineFunctionCode codeList="http://www.isotc211.org/2005/resources/Codelist/gmxCodelists.xml#CI_OnLineFunctionCode" codeListValue="download">download</gmd:CI_OnLineFunctionCode>
              </gmd:function>
            </gmd:CI_OnlineResource>
          </gmd:onLine>
        </gmd:MD_DigitalTransferOptions>
      </gmd:transferOptions>
    </gmd:MD_Distribution>
  </gmd:distributionInfo>
  <gmd:dataQualityInfo>
    <gmd:DQ_DataQuality>
      <gmd:scope>
        <gmd:DQ_Scope>
          <gmd:level>
            <gmd:MD_ScopeCode codeList="http://www.isotc211.org/2005/resources/Codelist/gmxCodelists.xml#MD_ScopeCode" codeListValue="dataset">dataset</gmd:MD_ScopeCode>
          </gmd:level>
        </gmd:DQ_Scope>
      </gmd:scope>
      <gmd:report>
        <gmd:DQ_QuantitativeAttributeAccuracy>
          <gmd:nameOfMeasure>
            <gco:CharacterString>Accuracy</gco:CharacterString>
          </gmd:nameOfMeasure>
          <gmd:evaluationMethodDescription>
            <gco:CharacterString>Every effort within operational constraints was made to acquire data that meets specifications as outline in this project's Statement of Work. Per flight block, elevations in areas of swath overlap are internally consistent and meet CZMIL specifications. Annomalous high and/or low elevation values have been removed, and point cloud classificaiton algorithms have been validated via manual review and QC. Temporal differences in elevation exist in areas of active nearshore processes from the dune to the depth of closure. JALBTCX conducts operations in a manner to ameliorate temporal differences, to include the collection of entire flight blocks within single missions. For a given flight block, it's adjacent flight blocks are captured within 3 days as weather and airspace permit.</gco:CharacterString>
          </gmd:evaluationMethodDescription>
          <gmd:result gco:nilReason="missing"/>
        </gmd:DQ_QuantitativeAttributeAccuracy>
      </gmd:report>
      <gmd:report>
        <gmd:DQ_AbsoluteExternalPositionalAccuracy>
          <gmd:nameOfMeasure>
            <gco:CharacterString>Horizontal Positional Accuracy</gco:CharacterString>
          </gmd:nameOfMeasure>
          <gmd:evaluationMethodDescription>
            <gco:CharacterString>CZMIL topographic data - Compiled to meet 1 m horizontal accuracy at 95% confidence level. CZMIL bathymetric data - Compiled to meet 3.5 + 0.05d m horizontal accuracy at 95% confidence level, d is depth.

JALBTCX evaluates the horizontal accuracy of the final data coverage against available basemap imagery products. The final lidar point cloud is gridded according to procedures defined in the JALBTCX Standard Operating Guide and Appendices (SOGA). The grid products are then visually compared to basemap imagery products to verify the horizontal positions of large buildings and other urban features with the data coverage.</gco:CharacterString>
          </gmd:evaluationMethodDescription>
          <gmd:result gco:nilReason="missing"/>
        </gmd:DQ_AbsoluteExternalPositionalAccuracy>
      </gmd:report>
      <gmd:report>
        <gmd:DQ_AbsoluteExternalPositionalAccuracy>
          <gmd:nameOfMeasure>
            <gco:CharacterString>Vertical Positional Accuracy</gco:CharacterString>
          </gmd:nameOfMeasure>
          <gmd:evaluationMethodDescription>
            <gco:CharacterString>CZMIL topographic data - Compiled to meet 19.6 cm vertical accuracy at 95% confidence level. CZMIL bathymetric shallow FOV data - Compiled to meet SQRT((0.20^2) +((0.0075d)^2)) m vertical accuracy at 95% confidence level, d is depth. CZMIL bathymetric deep FOV data - Compiled to meet SQRT((0.30^2) +((0.013d)^2)) m vertical accuracy at 95% confidence level, d is depth. 

JALBTCX evaluates the vertical accuracy of the final data coverage against traditional ground-truth data. Ground-truth data is acquired and utilized according to specifications outlined in the JALBTCX Standard Operating Guide and Appendices (SOGA) as well as the USGS Lidar BaseSpecification. The final lidar point cloud at every project ground-truth location is compared against ground-truth points in the 'bare_ground' class. Comparisons are performed in the QCoherent LP360 software package, and the final results are output to JALBTCX's Ground Truth Comparison Report.</gco:CharacterString>
          </gmd:evaluationMethodDescription>
          <gmd:result gco:nilReason="missing"/>
        </gmd:DQ_AbsoluteExternalPositionalAccuracy>
      </gmd:report>
      <gmd:report>
        <gmd:DQ_CompletenessCommission>
          <gmd:nameOfMeasure>
            <gco:CharacterString>Completeness Measure</gco:CharacterString>
          </gmd:nameOfMeasure>
          <gmd:evaluationMethodDescription>
            <gco:CharacterString>Planned data coverage for this dataset included a 1500-meter swath of the East Coast shoreline. Topographic lidar coverage was obtained from the shoreline onshore 500 meters. Bathymetric lidar coverage extends from the shoreline offshore 1000 meters or to laser extinction, whichever occurs first. The planned data density is 70 centimeters on land and in shallow water. In deeper water the planned data density decreases to 2 meters. Gaps or data holidays may exist in the data coverage. They arise due to a number of operational and environmental conditions, including but not limited to, airspace restrictions, high terrain, active surf, low-reflectivity bottom substrate materials and turbidity in the water column. Please see the Report of Survey for additional details.

Every effort within operational constraints was made to achieve the intended data coverage and planned point densities.</gco:CharacterString>
          </gmd:evaluationMethodDescription>
          <gmd:result gco:nilReason="missing"/>
        </gmd:DQ_CompletenessCommission>
      </gmd:report>
      <gmd:report>
        <gmd:DQ_CompletenessCommission>
          <gmd:nameOfMeasure>
            <gco:CharacterString>Completeness Report</gco:CharacterString>
          </gmd:nameOfMeasure>
          <gmd:evaluationMethodDescription>
            <gco:CharacterString>This data set covers the spatial extent of topographic lidar data obtained during this survey.</gco:CharacterString>
          </gmd:evaluationMethodDescription>
          <gmd:result gco:nilReason="missing"/>
        </gmd:DQ_CompletenessCommission>
      </gmd:report>
      <gmd:report>
        <gmd:DQ_ConceptualConsistency>
          <gmd:nameOfMeasure>
            <gco:CharacterString>Conceptual Consistency</gco:CharacterString>
          </gmd:nameOfMeasure>
          <gmd:evaluationMethodDescription>
            <gco:CharacterString>No discernable offsets or horizontal shifts were found during visual inspecton of the lidar-derived grid products against basemap imagery products.</gco:CharacterString>
          </gmd:evaluationMethodDescription>
          <gmd:result gco:nilReason="missing"/>
        </gmd:DQ_ConceptualConsistency>
      </gmd:report>
      <gmd:lineage>
        <gmd:LI_Lineage>
          <gmd:statement>
            <gco:CharacterString>The steps below outline the basic workflow Jalbtcx employs to produce lidar point clouds.</gco:CharacterString>
          </gmd:statement>
          <gmd:processStep>
            <gmd:LI_ProcessStep>
              <gmd:description>
                <gco:CharacterString>These data were collected using the CZMIL system. It is owned and operated by the U.S. Army Corps of Engineers (USACE). The system collects topobathy lidar data at 10 kHz and RGB imagery at 2 Hz. A CASI-1500 hyperspectral line scanner is integrated with the system as well. Aircraft position, velocity and acceleration information are collected through a combination of Novatel and POS A/V 510 equipment. All raw data streams are transferred to the office for downloading and processing in CZMIL’s Hydro Fusion software. Aircraft position data are processed using POSPac software and the results are combined with the lidar data to produce 3-D positions for each lidar shot. Upon inspection and QA/QC in the software packages Fledermaus and PFM_ABE, anomalous data are flagged as invalid and have the withheld bit set. PFM_ABE software then exports valid lidar data as a series of unclassified LAS files.</gco:CharacterString>
              </gmd:description>
              <gmd:dateTime>
                <gco:DateTime>2018-05-09T00:00:00</gco:DateTime>
              </gmd:dateTime>
            </gmd:LI_ProcessStep>
          </gmd:processStep>
          <gmd:processStep>
            <gmd:LI_ProcessStep>
              <gmd:description>
                <gco:CharacterString>LAS files are imported into TerraScan V18 module within Microstation V8i, classifies valid topobathy data as ground points (2) and unclassified points (1), and valid bathymetric points (29). Upon completion the macro, the classification results undergo quality control and any misclassified points are manually edited. In areas of dense vegetation the bare earth ground points might be incorrectly classified due to the inability of the laser to penetrate the canopy and reach the bare ground. In these areas, JALBTCX defaults to the algorithm’s “ground” surface instead of manually reclassifying those points. They are partitioned into a series of 1-km delivery boxes, one Classified LAS file per box. The format of the file is LAS version 1.2. Data are classified as 1 (valid non-ground topographic data), 2 (valid ground topographic data), and 29 (valid bathymetric data).</gco:CharacterString>
              </gmd:description>
              <gmd:dateTime>
                <gco:DateTime>2018-06-11T00:00:00</gco:DateTime>
              </gmd:dateTime>
            </gmd:LI_ProcessStep>
          </gmd:processStep>
          <gmd:processStep>
            <gmd:LI_ProcessStep>
              <gmd:description>
                <gco:CharacterString>The NOAA Office for Coastal Management (OCM) received 164 las files from USACE JALBTCX for Connecticut. The lidar data had elevation and intensity measurements. The data were in geographic coordinates (NAD83 2011) and ellipsoid elevations in meters. The data were classified as: 1 - Unclassified, 2 - Ground, 29 - Bathymetric Point. OCM processed all classifications of points to the Digital Coast Data Access Viewer (DAV). Classes available on the DAV are: 1, 2, 29.

OCM performed the following processing on the data for Digital Coast storage and provisioning purposes:

1. The LAStools software script laszip was run to convert the las formatted files to laz format.

2. The LAStools software scripts lasinfo and lasvalidate were run on the laz files to check for errors.

3. An internal OCM script was run to check the number of points by classification and by flight ID and the gps and intensity ranges.

4. Internal OCM scripts were run on the laz files to assign the geokeys, to sort the data by gps time and zip the data to database and to https.</gco:CharacterString>
              </gmd:description>
              <gmd:dateTime>
                <gco:DateTime>2019-03-14T00:00:00</gco:DateTime>
              </gmd:dateTime>
              <gmd:processor>
                <gmd:CI_ResponsibleParty>
                  <gmd:organisationName>
                    <gco:CharacterString>Office for Coastal Management</gco:CharacterString>
                  </gmd:organisationName>
                  <gmd:role>
                    <gmd:CI_RoleCode codeList="http://www.isotc211.org/2005/resources/Codelist/gmxCodelists.xml#gmd:CI_RoleCode" codeListValue="processor">processor</gmd:CI_RoleCode>
                  </gmd:role>
                </gmd:CI_ResponsibleParty>
              </gmd:processor>
            </gmd:LI_ProcessStep>
          </gmd:processStep>
          <gmd:processStep>
            <gmd:LI_ProcessStep>
              <gmd:description>
                <gco:CharacterString>The NOAA Office for Coastal Management (OCM) received 651 laz files from USACE JALBTCX for Dare County, North Carolina. The lidar data had elevation and intensity measurements. The data were in geographic coordinates (NAD83 2011) and ellipsoid elevations in meters. The data were classified as: 1 - Unclassified, 2 - Ground, 29 - Bathymetric Point. OCM processed all classifications of points to the Digital Coast Data Access Viewer (DAV). Classes available on the DAV are: 1, 2, 29.

OCM performed the following processing on the data for Digital Coast storage and provisioning purposes:

1. The LAStools software scripts lasinfo and lasvalidate were run on the laz files to check for errors.

2. An internal OCM script was run to check the number of points by classification and by flight ID and the gps and intensity ranges.

3. Internal OCM scripts were run on the laz files to assign the geokeys, to sort the data by gps time and zip the data to database and to https.</gco:CharacterString>
              </gmd:description>
              <gmd:dateTime>
                <gco:DateTime>2019-10-21T00:00:00</gco:DateTime>
              </gmd:dateTime>
            </gmd:LI_ProcessStep>
          </gmd:processStep>
          <gmd:processStep>
            <gmd:LI_ProcessStep>
              <gmd:description>
                <gco:CharacterString>The NOAA Office for Coastal Management (OCM) received 2641 laz files from USACE JALBTCX for Massachusetts. The lidar data had elevation and intensity measurements. The data were in geographic coordinates (NAD83 2011) and ellipsoid elevations in meters. The data were classified as: 1 - Unclassified, 2 - Ground, 29 - Bathymetric Point. OCM processed all classifications of points to the Digital Coast Data Access Viewer (DAV). Classes available on the DAV are: 1, 2, 29.

OCM performed the following processing on the data for Digital Coast storage and provisioning purposes:

1. An internal OCM script was run to check the number of points by classification and by flight ID and the gps and intensity ranges.

2. Internal OCM scripts were run on the laz files to assign the geokeys, to sort the data by gps time and zip the data to database and to https.</gco:CharacterString>
              </gmd:description>
              <gmd:dateTime>
                <gco:DateTime>2020-05-26T00:00:00</gco:DateTime>
              </gmd:dateTime>
              <gmd:processor>
                <gmd:CI_ResponsibleParty>
                  <gmd:organisationName>
                    <gco:CharacterString>Office for Coastal Management</gco:CharacterString>
                  </gmd:organisationName>
                  <gmd:role>
                    <gmd:CI_RoleCode codeList="http://www.isotc211.org/2005/resources/Codelist/gmxCodelists.xml#gmd:CI_RoleCode" codeListValue="processor">processor</gmd:CI_RoleCode>
                  </gmd:role>
                </gmd:CI_ResponsibleParty>
              </gmd:processor>
            </gmd:LI_ProcessStep>
          </gmd:processStep>
          <gmd:processStep>
            <gmd:LI_ProcessStep>
              <gmd:description>
                <gco:CharacterString>The NOAA Office for Coastal Management (OCM) received 1620 laz files from USACE JALBTCX for Maine (606), New Hampshire (91), Rhode Island (441), and South Carolina (482). The lidar data had elevation and intensity measurements. The data were in geographic coordinates (NAD83 2011) and ellipsoid elevations in meters. The data were classified as: 1 - Unclassified, 2 - Ground, 29 - Bathymetric Point. OCM processed all classifications of points to the Digital Coast Data Access Viewer (DAV). Classes available on the DAV are: 1, 2, 29.

OCM performed the following processing on the data for Digital Coast storage and provisioning purposes:

1. An internal OCM script was run to check the number of points by classification and by flight ID and the gps and intensity ranges.

2. Internal OCM scripts were run on the laz files to assign the geokeys, to sort the data by gps time and zip the data to database and to https.</gco:CharacterString>
              </gmd:description>
              <gmd:dateTime>
                <gco:DateTime>2020-09-25T00:00:00</gco:DateTime>
              </gmd:dateTime>
              <gmd:processor>
                <gmd:CI_ResponsibleParty>
                  <gmd:organisationName>
                    <gco:CharacterString>Office for Coastal Management</gco:CharacterString>
                  </gmd:organisationName>
                  <gmd:role>
                    <gmd:CI_RoleCode codeList="http://www.isotc211.org/2005/resources/Codelist/gmxCodelists.xml#gmd:CI_RoleCode" codeListValue="processor">processor</gmd:CI_RoleCode>
                  </gmd:role>
                </gmd:CI_ResponsibleParty>
              </gmd:processor>
            </gmd:LI_ProcessStep>
          </gmd:processStep>
          <gmd:source>
            <gmd:LI_Source>
              <gmd:sourceCitation>
                <gmd:CI_Citation>
                  <gmd:title>
                    <gco:CharacterString>Data collected by USACE JALBTCX</gco:CharacterString>
                  </gmd:title>
                  <gmd:date gco:nilReason="missing"/>
                </gmd:CI_Citation>
              </gmd:sourceCitation>
            </gmd:LI_Source>
          </gmd:source>
          <gmd:processStep>
            <gmd:LI_ProcessStep>
              <gmd:description>
                <gco:CharacterString>
							
The vertical values in this data set have been converted to reference NAVD88 height (ftUS) feet, using the GEOID18 grids provided by the National Geodetic Survey. 

The data values in this data set have been rasterized and stored in a 32-bit Floating point GeoTIFF format. 

The data values in this data set have been projected.  This projection is noted in another section of this metadata record. The projection library used was derived from the General Cartographic Transform Program developed by the United States Geological Survey, National Mapping Division.

The cell values in this data set represent the average elevation measurement found within each cell, or if there were no values in the cell, a value may have been interpolated from surrounding cells with data values.  The perimeter cells of a 3x3 box surrounding the empty cell is queried for known values - if less than three values are found, then the perimeter cells of a 5x5 box is searched for known values.  This process is repeated for a 7x7 box if less than 3 values are found.  If less than three accumulated known values were found, then the cell is assigned a no data value (usually -999999 for formats that have a tag for the nodata value, otherwise an IEEE NaN value). If at least 3 values were found in that search, the value in the empty cell is interpolated from the known values using an Inverse Distance Weighting (IDW) method.

The data has been reprojected as requested. See the spatial reference information for projection information.


Processing notes: Data is really in NAD83(2011) but tagged files with NAD83(NSRS2007) for greater software compatibility. 

						</gco:CharacterString>
              </gmd:description>
              <gmd:dateTime>
                <gco:DateTime>2023-02-18T18:31:05
</gco:DateTime>
              </gmd:dateTime>
              <gmd:processor>
                <gmd:CI_ResponsibleParty>
                  <gmd:individualName>
                    <gco:CharacterString>NOAA Office for Coastal Management</gco:CharacterString>
                  </gmd:individualName>
                  <gmd:contactInfo>
                    <gmd:CI_Contact>
                      <gmd:address>
                        <gmd:CI_Address>
                          <gmd:electronicMailAddress>
                            <gco:CharacterString>coastal.info@noaa.gov</gco:CharacterString>
                          </gmd:electronicMailAddress>
                        </gmd:CI_Address>
                      </gmd:address>
                    </gmd:CI_Contact>
                  </gmd:contactInfo>
                  <gmd:role>
                    <gmd:CI_RoleCode codeList="http://www.isotc211.org/2005/resources/Codelist/gmxCodelists.xml#gmd:CI_RoleCode" codeListValue="processor">processor</gmd:CI_RoleCode>
                  </gmd:role>
                </gmd:CI_ResponsibleParty>
              </gmd:processor>
            </gmd:LI_ProcessStep>
          </gmd:processStep>
        </gmd:LI_Lineage>
      </gmd:lineage>
    </gmd:DQ_DataQuality>
  </gmd:dataQualityInfo>
</gmi:MI_Metadata>
