<?xml version="1.0" encoding="UTF-8"?>
<gmi:MI_Metadata xmlns:gco="http://www.isotc211.org/2005/gco" xmlns:gmd="http://www.isotc211.org/2005/gmd" xmlns:gmi="http://www.isotc211.org/2005/gmi" xmlns:gml="http://www.opengis.net/gml/3.2" xmlns:gmx="http://www.isotc211.org/2005/gmx" xmlns:gsr="http://www.isotc211.org/2005/gsr" xmlns:gss="http://www.isotc211.org/2005/gss" xmlns:gts="http://www.isotc211.org/2005/gts" xmlns:srv="http://www.isotc211.org/2005/srv" xmlns:xlink="http://www.w3.org/1999/xlink" xmlns:xs="http://www.w3.org/2001/XMLSchema" xmlns:xsi="http://www.w3.org/2001/XMLSchema-instance" xsi:schemaLocation="http://www.isotc211.org/2005/gmi https://data.noaa.gov/resources/iso19139/schema.xsd">
  <gmd:fileIdentifier>
    <gco:CharacterString>gov.noaa.nmfs.inport:48330</gco:CharacterString>
  </gmd:fileIdentifier>
  <gmd:language>
    <gmd:LanguageCode codeList="http://www.loc.gov/standards/iso639-2/php/code_list.php" codeListValue="eng">eng</gmd:LanguageCode>
  </gmd:language>
  <gmd:characterSet>
    <gmd:MD_CharacterSetCode codeList="http://www.isotc211.org/2005/resources/Codelist/gmxCodelists.xml#MD_CharacterSetCode" codeListValue="UTF8">UTF8</gmd:MD_CharacterSetCode>
  </gmd:characterSet>
  <gmd:hierarchyLevel>
    <gmd:MD_ScopeCode codeList="http://www.isotc211.org/2005/resources/Codelist/gmxCodelists.xml#MD_ScopeCode" codeListValue="dataset">dataset</gmd:MD_ScopeCode>
  </gmd:hierarchyLevel>
  <gmd:contact>
    <gmd:CI_ResponsibleParty>
      <gmd:organisationName>
        <gco:CharacterString>Office for Coastal Management</gco:CharacterString>
      </gmd:organisationName>
      <gmd:contactInfo>
        <gmd:CI_Contact>
          <gmd:phone>
            <gmd:CI_Telephone>
              <gmd:voice gco:nilReason="missing"/>
            </gmd:CI_Telephone>
          </gmd:phone>
          <gmd:address>
            <gmd:CI_Address/>
          </gmd:address>
        </gmd:CI_Contact>
      </gmd:contactInfo>
      <gmd:role>
        <gmd:CI_RoleCode codeList="http://www.isotc211.org/2005/resources/Codelist/gmxCodelists.xml#gmd:CI_RoleCode" codeListValue="resourceProvider">resourceProvider</gmd:CI_RoleCode>
      </gmd:role>
    </gmd:CI_ResponsibleParty>
  </gmd:contact>
  <gmd:contact>
    <gmd:CI_ResponsibleParty>
      <gmd:organisationName>
        <gco:CharacterString>NOAA Office for Coastal Management</gco:CharacterString>
      </gmd:organisationName>
      <gmd:contactInfo>
        <gmd:CI_Contact>
          <gmd:phone>
            <gmd:CI_Telephone>
              <gmd:voice>
                <gco:CharacterString>(843) 740-1202</gco:CharacterString>
              </gmd:voice>
            </gmd:CI_Telephone>
          </gmd:phone>
          <gmd:address>
            <gmd:CI_Address>
              <gmd:deliveryPoint>
                <gco:CharacterString>2234 South Hobson Ave</gco:CharacterString>
              </gmd:deliveryPoint>
              <gmd:city>
                <gco:CharacterString>Charleston</gco:CharacterString>
              </gmd:city>
              <gmd:administrativeArea>
                <gco:CharacterString>SC</gco:CharacterString>
              </gmd:administrativeArea>
              <gmd:postalCode>
                <gco:CharacterString>29405-2413</gco:CharacterString>
              </gmd:postalCode>
              <gmd:country gco:nilReason="missing"/>
              <gmd:electronicMailAddress>
                <gco:CharacterString>coastal.info@noaa.gov</gco:CharacterString>
              </gmd:electronicMailAddress>
            </gmd:CI_Address>
          </gmd:address>
          <gmd:onlineResource>
            <gmd:CI_OnlineResource>
              <gmd:linkage>
                <gmd:URL>https://coast.noaa.gov</gmd:URL>
              </gmd:linkage>
              <gmd:protocol>
                <gco:CharacterString>WWW:LINK-1.0-http--link</gco:CharacterString>
              </gmd:protocol>
              <gmd:name>
                <gco:CharacterString>NOAA Office for Coastal Management Website</gco:CharacterString>
              </gmd:name>
              <gmd:description>
                <gco:CharacterString>NOAA Office for Coastal Management Home Page</gco:CharacterString>
              </gmd:description>
              <gmd:function>
                <gmd:CI_OnLineFunctionCode codeList="http://www.isotc211.org/2005/resources/Codelist/gmxCodelists.xml#CI_OnLineFunctionCode" codeListValue="information">information</gmd:CI_OnLineFunctionCode>
              </gmd:function>
            </gmd:CI_OnlineResource>
          </gmd:onlineResource>
        </gmd:CI_Contact>
      </gmd:contactInfo>
      <gmd:role>
        <gmd:CI_RoleCode codeList="http://www.isotc211.org/2005/resources/Codelist/gmxCodelists.xml#gmd:CI_RoleCode" codeListValue="pointOfContact">pointOfContact</gmd:CI_RoleCode>
      </gmd:role>
    </gmd:CI_ResponsibleParty>
  </gmd:contact>
  <gmd:dateStamp>
    <gco:DateTime>2022-08-09T17:11:33</gco:DateTime>
  </gmd:dateStamp>
  <gmd:metadataStandardName>
    <gco:CharacterString>ISO 19115-2 Geographic Information - Metadata Part 2 Extensions for imagery and gridded data</gco:CharacterString>
  </gmd:metadataStandardName>
  <gmd:metadataStandardVersion>
    <gco:CharacterString>ISO 19115-2:2009(E)</gco:CharacterString>
  </gmd:metadataStandardVersion>
  <gmd:spatialRepresentationInfo>
    <gmd:MD_GridSpatialRepresentation>
      <gmd:numberOfDimensions>
        <gco:Integer>2</gco:Integer>
      </gmd:numberOfDimensions>
      <gmd:axisDimensionProperties>
        <gmd:MD_Dimension>
          <gmd:dimensionName>
            <gmd:MD_DimensionNameTypeCode codeList="http://www.isotc211.org/2005/resources/Codelist/gmxCodelists.xml#gmd:MD_DimensionNameTypeCode" codeListValue="column">column</gmd:MD_DimensionNameTypeCode>
          </gmd:dimensionName>
          <gmd:dimensionSize>
            <gco:Integer>228</gco:Integer>
          </gmd:dimensionSize>
          <gmd:resolution>
            <gco:Length uom="meter">29.9999999998354</gco:Length>
          </gmd:resolution>
        </gmd:MD_Dimension>
      </gmd:axisDimensionProperties>
      <gmd:axisDimensionProperties>
        <gmd:MD_Dimension>
          <gmd:dimensionName>
            <gmd:MD_DimensionNameTypeCode codeList="http://www.isotc211.org/2005/resources/Codelist/gmxCodelists.xml#gmd:MD_DimensionNameTypeCode" codeListValue="row">row</gmd:MD_DimensionNameTypeCode>
          </gmd:dimensionName>
          <gmd:dimensionSize>
            <gco:Integer>243</gco:Integer>
          </gmd:dimensionSize>
          <gmd:resolution>
            <gco:Length uom="meter">29.9999999998354</gco:Length>
          </gmd:resolution>
        </gmd:MD_Dimension>
      </gmd:axisDimensionProperties>
      <gmd:cellGeometry>
        <gmd:MD_CellGeometryCode codeList="http://www.isotc211.org/2005/resources/Codelist/gmxCodelists.xml#gmd:MD_CellGeometryCode" codeListValue="point">point</gmd:MD_CellGeometryCode>
      </gmd:cellGeometry>
      <gmd:transformationParameterAvailability>
        <gco:Boolean>0</gco:Boolean>
      </gmd:transformationParameterAvailability>
    </gmd:MD_GridSpatialRepresentation>
  </gmd:spatialRepresentationInfo>
  <gmd:referenceSystemInfo>
    <gmd:referenceSystemInfo xlink:title="NAD83 / UTM zone 19N">
      <gmd:MD_ReferenceSystem>
        <gmd:referenceSystemIdentifier>
          <gmd:RS_Identifier>
            <gmd:authority>
              <gmd:CI_Citation>
                <gmd:title>
                  <gco:CharacterString>NAD83 / UTM zone 19N</gco:CharacterString>
                </gmd:title>
                <gmd:date>
                  <gmd:CI_Date>
                    <gmd:date>
                      <gco:Date>2008-11-12</gco:Date>
                    </gmd:date>
                    <gmd:dateType>
                      <gmd:CI_DateTypeCode codeList="http://www.isotc211.org/2005/resources/Codelist/gmxCodelists.xml#CI_DateTypeCode" codeListValue="publication">publication</gmd:CI_DateTypeCode>
                    </gmd:dateType>
                  </gmd:CI_Date>
                </gmd:date>
                <gmd:citedResponsibleParty>
                  <gmd:CI_ResponsibleParty>
                    <gmd:organisationName>
                      <gco:CharacterString>European Petroleum Survey Group</gco:CharacterString>
                    </gmd:organisationName>
                    <gmd:contactInfo>
                      <gmd:CI_Contact>
                        <gmd:onlineResource>
                          <gmd:CI_OnlineResource>
                            <gmd:linkage>
                              <gmd:URL>https://apps.epsg.org/api/v1/CoordRefSystem/26919/export/?format=gml</gmd:URL>
                            </gmd:linkage>
                          </gmd:CI_OnlineResource>
                        </gmd:onlineResource>
                      </gmd:CI_Contact>
                    </gmd:contactInfo>
                    <gmd:role gco:nilReason="missing"/>
                  </gmd:CI_ResponsibleParty>
                </gmd:citedResponsibleParty>
              </gmd:CI_Citation>
            </gmd:authority>
            <gmd:code>
              <gco:CharacterString>urn:ogc:def:crs:EPSG:26919</gco:CharacterString>
            </gmd:code>
            <gmd:version>
              <gco:CharacterString>6.18.3</gco:CharacterString>
            </gmd:version>
          </gmd:RS_Identifier>
        </gmd:referenceSystemIdentifier>
      </gmd:MD_ReferenceSystem>
    </gmd:referenceSystemInfo>
  </gmd:referenceSystemInfo>
  <gmd:identificationInfo>
    <gmd:MD_DataIdentification>
      <gmd:citation>
        <gmd:CI_Citation>
          <gmd:title>
            <gco:CharacterString>NOAA's Coastal Change Analysis Program (C-CAP) 2001 Regional Land Cover Data - Coastal United States</gco:CharacterString>
          </gmd:title>
          <gmd:alternateTitle>
            <gco:CharacterString>CCAP_2001_Parent</gco:CharacterString>
          </gmd:alternateTitle>
          <gmd:date>
            <gmd:CI_Date>
              <gmd:date>
                <gco:Date>2020-03-11</gco:Date>
              </gmd:date>
              <gmd:dateType>
                <gmd:CI_DateTypeCode codeList="http://www.isotc211.org/2005/resources/codeList.xml#CI_DateTypeCode" codeListValue="publication">publication</gmd:CI_DateTypeCode>
              </gmd:dateType>
            </gmd:CI_Date>
          </gmd:date>
          <gmd:identifier>
            <gmd:MD_Identifier>
              <gmd:authority>
                <gmd:CI_Citation>
                  <gmd:title>
                    <gco:CharacterString>NOAA/NMFS/EDM</gco:CharacterString>
                  </gmd:title>
                  <gmd:date gco:nilReason="inapplicable"/>
                </gmd:CI_Citation>
              </gmd:authority>
              <gmd:code>
                <gmx:Anchor xlink:href="https://www.fisheries.noaa.gov/inport/item/48330" xlink:actuate="onRequest" xlink:title="InPort Catalog ID">48330</gmx:Anchor>
              </gmd:code>
            </gmd:MD_Identifier>
          </gmd:identifier>
          <gmd:citedResponsibleParty>
            <gmd:CI_ResponsibleParty>
              <gmd:organisationName gco:nilReason="inapplicable"/>
              <gmd:contactInfo>
                <gmd:CI_Contact>
                  <gmd:onlineResource>
                    <gmd:CI_OnlineResource>
                      <gmd:linkage>
                        <gmd:URL>https://www.fisheries.noaa.gov/inport/item/48330</gmd:URL>
                      </gmd:linkage>
                      <gmd:protocol>
                        <gco:CharacterString>WWW:LINK-1.0-http--link</gco:CharacterString>
                      </gmd:protocol>
                      <gmd:name>
                        <gco:CharacterString>Full Metadata Record</gco:CharacterString>
                      </gmd:name>
                      <gmd:description>
                        <gco:CharacterString>View the complete metadata record on InPort for more information about this dataset.</gco:CharacterString>
                      </gmd:description>
                      <gmd:function>
                        <gmd:CI_OnLineFunctionCode codeList="http://www.isotc211.org/2005/resources/Codelist/gmxCodelists.xml#CI_OnLineFunctionCode" codeListValue="information">information</gmd:CI_OnLineFunctionCode>
                      </gmd:function>
                    </gmd:CI_OnlineResource>
                  </gmd:onlineResource>
                </gmd:CI_Contact>
              </gmd:contactInfo>
              <gmd:role gco:nilReason="inapplicable"/>
            </gmd:CI_ResponsibleParty>
          </gmd:citedResponsibleParty>
          <gmd:citedResponsibleParty>
            <gmd:CI_ResponsibleParty>
              <gmd:organisationName gco:nilReason="inapplicable"/>
              <gmd:contactInfo>
                <gmd:CI_Contact>
                  <gmd:onlineResource>
                    <gmd:CI_OnlineResource>
                      <gmd:linkage>
                        <gmd:URL>https://coast.noaa.gov/digitalcoast/data/home.html</gmd:URL>
                      </gmd:linkage>
                      <gmd:protocol>
                        <gco:CharacterString>WWW:LINK-1.0-http--link</gco:CharacterString>
                      </gmd:protocol>
                      <gmd:name>
                        <gco:CharacterString>
                                                                        Citation URL
                                                                    </gco:CharacterString>
                      </gmd:name>
                      <gmd:description>
                        <gco:CharacterString>Online Resource</gco:CharacterString>
                      </gmd:description>
                      <gmd:function>
                        <gmd:CI_OnLineFunctionCode codeList="http://www.isotc211.org/2005/resources/Codelist/gmxCodelists.xml#CI_OnLineFunctionCode" codeListValue="download">download</gmd:CI_OnLineFunctionCode>
                      </gmd:function>
                    </gmd:CI_OnlineResource>
                  </gmd:onlineResource>
                </gmd:CI_Contact>
              </gmd:contactInfo>
              <gmd:role gco:nilReason="inapplicable"/>
            </gmd:CI_ResponsibleParty>
          </gmd:citedResponsibleParty>
          <gmd:citedResponsibleParty>
            <gmd:CI_ResponsibleParty>
              <gmd:organisationName gco:nilReason="inapplicable"/>
              <gmd:contactInfo>
                <gmd:CI_Contact>
                  <gmd:onlineResource>
                    <gmd:CI_OnlineResource>
                      <gmd:linkage>
                        <gmd:URL>https://coast.noaa.gov/digitalcoast/data/ccapregional.html</gmd:URL>
                      </gmd:linkage>
                      <gmd:protocol>
                        <gco:CharacterString>WWW:LINK-1.0-http--link</gco:CharacterString>
                      </gmd:protocol>
                      <gmd:name>
                        <gco:CharacterString>
                                                                        Citation URL
                                                                    </gco:CharacterString>
                      </gmd:name>
                      <gmd:description>
                        <gco:CharacterString>Online Resource</gco:CharacterString>
                      </gmd:description>
                      <gmd:function>
                        <gmd:CI_OnLineFunctionCode codeList="http://www.isotc211.org/2005/resources/Codelist/gmxCodelists.xml#CI_OnLineFunctionCode" codeListValue="download">download</gmd:CI_OnLineFunctionCode>
                      </gmd:function>
                    </gmd:CI_OnlineResource>
                  </gmd:onlineResource>
                </gmd:CI_Contact>
              </gmd:contactInfo>
              <gmd:role gco:nilReason="inapplicable"/>
            </gmd:CI_ResponsibleParty>
          </gmd:citedResponsibleParty>
          <gmd:citedResponsibleParty>
            <gmd:CI_ResponsibleParty>
              <gmd:organisationName gco:nilReason="inapplicable"/>
              <gmd:contactInfo>
                <gmd:CI_Contact>
                  <gmd:onlineResource>
                    <gmd:CI_OnlineResource>
                      <gmd:linkage>
                        <gmd:URL>https://coast.noaa.gov/htdata/raster1/landcover/bulkdownload/30m_lc/</gmd:URL>
                      </gmd:linkage>
                      <gmd:protocol>
                        <gco:CharacterString>WWW:LINK-1.0-http--link</gco:CharacterString>
                      </gmd:protocol>
                      <gmd:name>
                        <gco:CharacterString>
                                                                        Citation URL
                                                                    </gco:CharacterString>
                      </gmd:name>
                      <gmd:description>
                        <gco:CharacterString>Online Resource</gco:CharacterString>
                      </gmd:description>
                      <gmd:function>
                        <gmd:CI_OnLineFunctionCode codeList="http://www.isotc211.org/2005/resources/Codelist/gmxCodelists.xml#CI_OnLineFunctionCode" codeListValue="download">download</gmd:CI_OnLineFunctionCode>
                      </gmd:function>
                    </gmd:CI_OnlineResource>
                  </gmd:onlineResource>
                </gmd:CI_Contact>
              </gmd:contactInfo>
              <gmd:role gco:nilReason="inapplicable"/>
            </gmd:CI_ResponsibleParty>
          </gmd:citedResponsibleParty>
          <gmd:presentationForm>
            <gmd:CI_PresentationFormCode codeList="https://data.noaa.gov/resources/iso19139/schema/resources/Codelist/gmxCodelists.xml#CI_PresentationFormCode" codeListValue="imageDigital">imageDigital</gmd:CI_PresentationFormCode>
          </gmd:presentationForm>
        </gmd:CI_Citation>
      </gmd:citation>
      <gmd:abstract>
        <gco:CharacterString>The NOAA Coastal Change Analysis Program (C-CAP) produces national standardized land cover and change products for the coastal regions of the U.S.  C-CAP products inventory coastal intertidal areas, wetlands, and adjacent uplands with the goal of monitoring changes in these habitats, on a one-to-five year repeat cycle. The timeframe for this metadata is reported as 2001-Era, but the actual dates of the Landsat imagery used to create the land cover may have been acquired a few years before or after each era.  These maps are developed utilizing Landsat Thematic Mapper imagery, and can be used to track changes in the landscape through time.  This trend information gives important feedback to managers on the success or failure of management policies and programs and aid in developing a scientific understanding of the Earth system and its response to natural and human-induced changes. This understanding allows for the prediction of impacts due to these changes and the assessment of their cumulative effects, helping coastal resource managers make more informed regional decisions. NOAA C-CAP is a contributing member to the Multi-Resolution Land Characteristics consortium and C-CAP products are included as the coastal expression of land cover within the National Land Cover Database.
This data set is a raster file with 228 columns and 243 rows and may have been mosaiced, reprojected, and clipped from the original tiles. The data set was generated from a larger data set and includes all valid data within the requested geographic bounds.
		</gco:CharacterString>
      </gmd:abstract>
      <gmd:purpose>
        <gco:CharacterString>C-CAP is dedicated to the development, distribution, and application of land cover and change data for the coastal regions of the U.S. This effort is being conducted in close coordination with state coastal management agencies, the interagency Multi-Resolution Land Characteristics (MRLC) consortium, and the National Land Cover Database (NLCD).</gco:CharacterString>
      </gmd:purpose>
      <gmd:status>
        <gmd:MD_ProgressCode codeList="http://www.isotc211.org/2005/resources/Codelist/gmxCodelists.xml#gmd:MD_ProgressCode" codeListValue="underDevelopment">underDevelopment</gmd:MD_ProgressCode>
      </gmd:status>
      <gmd:pointOfContact>
        <gmd:CI_ResponsibleParty>
          <gmd:organisationName>
            <gco:CharacterString>NOAA Office for Coastal Management</gco:CharacterString>
          </gmd:organisationName>
          <gmd:contactInfo>
            <gmd:CI_Contact>
              <gmd:phone>
                <gmd:CI_Telephone>
                  <gmd:voice>
                    <gco:CharacterString>(843) 740-1202</gco:CharacterString>
                  </gmd:voice>
                </gmd:CI_Telephone>
              </gmd:phone>
              <gmd:address>
                <gmd:CI_Address>
                  <gmd:deliveryPoint>
                    <gco:CharacterString>2234 South Hobson Ave</gco:CharacterString>
                  </gmd:deliveryPoint>
                  <gmd:city>
                    <gco:CharacterString>Charleston</gco:CharacterString>
                  </gmd:city>
                  <gmd:administrativeArea>
                    <gco:CharacterString>SC</gco:CharacterString>
                  </gmd:administrativeArea>
                  <gmd:postalCode>
                    <gco:CharacterString>29405-2413</gco:CharacterString>
                  </gmd:postalCode>
                  <gmd:country gco:nilReason="missing"/>
                  <gmd:electronicMailAddress>
                    <gco:CharacterString>coastal.info@noaa.gov</gco:CharacterString>
                  </gmd:electronicMailAddress>
                </gmd:CI_Address>
              </gmd:address>
              <gmd:onlineResource>
                <gmd:CI_OnlineResource>
                  <gmd:linkage>
                    <gmd:URL>https://coast.noaa.gov</gmd:URL>
                  </gmd:linkage>
                  <gmd:protocol>
                    <gco:CharacterString>WWW:LINK-1.0-http--link</gco:CharacterString>
                  </gmd:protocol>
                  <gmd:name>
                    <gco:CharacterString>NOAA Office for Coastal Management Website</gco:CharacterString>
                  </gmd:name>
                  <gmd:description>
                    <gco:CharacterString>NOAA Office for Coastal Management Home Page</gco:CharacterString>
                  </gmd:description>
                  <gmd:function>
                    <gmd:CI_OnLineFunctionCode codeList="http://www.isotc211.org/2005/resources/Codelist/gmxCodelists.xml#CI_OnLineFunctionCode" codeListValue="information">information</gmd:CI_OnLineFunctionCode>
                  </gmd:function>
                </gmd:CI_OnlineResource>
              </gmd:onlineResource>
            </gmd:CI_Contact>
          </gmd:contactInfo>
          <gmd:role>
            <gmd:CI_RoleCode codeList="http://www.isotc211.org/2005/resources/Codelist/gmxCodelists.xml#gmd:CI_RoleCode" codeListValue="pointOfContact">pointOfContact</gmd:CI_RoleCode>
          </gmd:role>
        </gmd:CI_ResponsibleParty>
      </gmd:pointOfContact>
      <gmd:pointOfContact>
        <gmd:CI_ResponsibleParty>
          <gmd:organisationName>
            <gco:CharacterString>NOAA Office for Coastal Management</gco:CharacterString>
          </gmd:organisationName>
          <gmd:contactInfo>
            <gmd:CI_Contact>
              <gmd:phone>
                <gmd:CI_Telephone>
                  <gmd:voice>
                    <gco:CharacterString>(843) 740-1202</gco:CharacterString>
                  </gmd:voice>
                </gmd:CI_Telephone>
              </gmd:phone>
              <gmd:address>
                <gmd:CI_Address>
                  <gmd:deliveryPoint>
                    <gco:CharacterString>2234 South Hobson Ave</gco:CharacterString>
                  </gmd:deliveryPoint>
                  <gmd:city>
                    <gco:CharacterString>Charleston</gco:CharacterString>
                  </gmd:city>
                  <gmd:administrativeArea>
                    <gco:CharacterString>SC</gco:CharacterString>
                  </gmd:administrativeArea>
                  <gmd:postalCode>
                    <gco:CharacterString>29405-2413</gco:CharacterString>
                  </gmd:postalCode>
                  <gmd:country gco:nilReason="missing"/>
                  <gmd:electronicMailAddress>
                    <gco:CharacterString>coastal.info@noaa.gov</gco:CharacterString>
                  </gmd:electronicMailAddress>
                </gmd:CI_Address>
              </gmd:address>
              <gmd:onlineResource>
                <gmd:CI_OnlineResource>
                  <gmd:linkage>
                    <gmd:URL>https://coast.noaa.gov</gmd:URL>
                  </gmd:linkage>
                  <gmd:protocol>
                    <gco:CharacterString>WWW:LINK-1.0-http--link</gco:CharacterString>
                  </gmd:protocol>
                  <gmd:name>
                    <gco:CharacterString>NOAA Office for Coastal Management Website</gco:CharacterString>
                  </gmd:name>
                  <gmd:description>
                    <gco:CharacterString>NOAA Office for Coastal Management Home Page</gco:CharacterString>
                  </gmd:description>
                  <gmd:function>
                    <gmd:CI_OnLineFunctionCode codeList="http://www.isotc211.org/2005/resources/Codelist/gmxCodelists.xml#CI_OnLineFunctionCode" codeListValue="information">information</gmd:CI_OnLineFunctionCode>
                  </gmd:function>
                </gmd:CI_OnlineResource>
              </gmd:onlineResource>
            </gmd:CI_Contact>
          </gmd:contactInfo>
          <gmd:role>
            <gmd:CI_RoleCode codeList="http://www.isotc211.org/2005/resources/Codelist/gmxCodelists.xml#gmd:CI_RoleCode" codeListValue="custodian">custodian</gmd:CI_RoleCode>
          </gmd:role>
        </gmd:CI_ResponsibleParty>
      </gmd:pointOfContact>
      <gmd:resourceMaintenance>
        <gmd:MD_MaintenanceInformation>
          <gmd:maintenanceAndUpdateFrequency gco:nilReason="missing"/>
          <gmd:maintenanceNote>
            <gco:CharacterString>5 years, or as needed</gco:CharacterString>
          </gmd:maintenanceNote>
        </gmd:MD_MaintenanceInformation>
      </gmd:resourceMaintenance>
      <gmd:descriptiveKeywords>
        <gmd:MD_Keywords>
          <gmd:keyword>
            <gco:CharacterString>EARTH SCIENCE &gt; HUMAN DIMENSIONS &gt; ENVIRONMENTAL GOVERNANCE/MANAGEMENT &gt; LAND MANAGEMENT &gt; LAND USE/LAND COVER CLASSIFICATION</gco:CharacterString>
          </gmd:keyword>
          <gmd:keyword>
            <gco:CharacterString>EARTH SCIENCE &gt; LAND SURFACE &gt; LAND USE/LAND COVER</gco:CharacterString>
          </gmd:keyword>
          <gmd:keyword>
            <gco:CharacterString>EARTH SCIENCE &gt; LAND SURFACE &gt; LAND USE/LAND COVER &gt; LAND USE CLASSES</gco:CharacterString>
          </gmd:keyword>
          <gmd:keyword>
            <gco:CharacterString>EARTH SCIENCE &gt; LAND SURFACE &gt; LAND USE/LAND COVER &gt; LAND USE/LAND COVER CLASSIFICATION</gco:CharacterString>
          </gmd:keyword>
          <gmd:type>
            <gmd:MD_KeywordTypeCode codeList="http://www.isotc211.org/2005/resources/Codelist/gmxCodelists.xml#gmd:MD_KeywordTypeCode" codeListValue="theme">theme</gmd:MD_KeywordTypeCode>
          </gmd:type>
          <gmd:thesaurusName>
            <gmd:CI_Citation>
              <gmd:title>
                <gco:CharacterString>Global Change Master Directory (GCMD) Science Keywords</gco:CharacterString>
              </gmd:title>
              <gmd:date gco:nilReason="missing"/>
              <gmd:edition>
                <gco:CharacterString>12.3</gco:CharacterString>
              </gmd:edition>
            </gmd:CI_Citation>
          </gmd:thesaurusName>
        </gmd:MD_Keywords>
      </gmd:descriptiveKeywords>
      <gmd:descriptiveKeywords>
        <gmd:MD_Keywords>
          <gmd:keyword>
            <gco:CharacterString>CONTINENT &gt; NORTH AMERICA &gt; UNITED STATES OF AMERICA</gco:CharacterString>
          </gmd:keyword>
          <gmd:keyword>
            <gco:CharacterString>CONTINENT &gt; NORTH AMERICA &gt; UNITED STATES OF AMERICA &gt; ALABAMA</gco:CharacterString>
          </gmd:keyword>
          <gmd:keyword>
            <gco:CharacterString>CONTINENT &gt; NORTH AMERICA &gt; UNITED STATES OF AMERICA &gt; CALIFORNIA</gco:CharacterString>
          </gmd:keyword>
          <gmd:keyword>
            <gco:CharacterString>CONTINENT &gt; NORTH AMERICA &gt; UNITED STATES OF AMERICA &gt; CONNECTICUT</gco:CharacterString>
          </gmd:keyword>
          <gmd:keyword>
            <gco:CharacterString>CONTINENT &gt; NORTH AMERICA &gt; UNITED STATES OF AMERICA &gt; DELAWARE</gco:CharacterString>
          </gmd:keyword>
          <gmd:keyword>
            <gco:CharacterString>CONTINENT &gt; NORTH AMERICA &gt; UNITED STATES OF AMERICA &gt; DISTRICT OF COLUMBIA</gco:CharacterString>
          </gmd:keyword>
          <gmd:keyword>
            <gco:CharacterString>CONTINENT &gt; NORTH AMERICA &gt; UNITED STATES OF AMERICA &gt; FLORIDA</gco:CharacterString>
          </gmd:keyword>
          <gmd:keyword>
            <gco:CharacterString>CONTINENT &gt; NORTH AMERICA &gt; UNITED STATES OF AMERICA &gt; GEORGIA</gco:CharacterString>
          </gmd:keyword>
          <gmd:keyword>
            <gco:CharacterString>CONTINENT &gt; NORTH AMERICA &gt; UNITED STATES OF AMERICA &gt; ILLINOIS</gco:CharacterString>
          </gmd:keyword>
          <gmd:keyword>
            <gco:CharacterString>CONTINENT &gt; NORTH AMERICA &gt; UNITED STATES OF AMERICA &gt; INDIANA</gco:CharacterString>
          </gmd:keyword>
          <gmd:keyword>
            <gco:CharacterString>CONTINENT &gt; NORTH AMERICA &gt; UNITED STATES OF AMERICA &gt; LOUISIANA</gco:CharacterString>
          </gmd:keyword>
          <gmd:keyword>
            <gco:CharacterString>CONTINENT &gt; NORTH AMERICA &gt; UNITED STATES OF AMERICA &gt; MAINE</gco:CharacterString>
          </gmd:keyword>
          <gmd:keyword>
            <gco:CharacterString>CONTINENT &gt; NORTH AMERICA &gt; UNITED STATES OF AMERICA &gt; MARYLAND</gco:CharacterString>
          </gmd:keyword>
          <gmd:keyword>
            <gco:CharacterString>CONTINENT &gt; NORTH AMERICA &gt; UNITED STATES OF AMERICA &gt; MASSACHUSETTS</gco:CharacterString>
          </gmd:keyword>
          <gmd:keyword>
            <gco:CharacterString>CONTINENT &gt; NORTH AMERICA &gt; UNITED STATES OF AMERICA &gt; MICHIGAN</gco:CharacterString>
          </gmd:keyword>
          <gmd:keyword>
            <gco:CharacterString>CONTINENT &gt; NORTH AMERICA &gt; UNITED STATES OF AMERICA &gt; MINNESOTA</gco:CharacterString>
          </gmd:keyword>
          <gmd:keyword>
            <gco:CharacterString>CONTINENT &gt; NORTH AMERICA &gt; UNITED STATES OF AMERICA &gt; MISSISSIPPI</gco:CharacterString>
          </gmd:keyword>
          <gmd:keyword>
            <gco:CharacterString>CONTINENT &gt; NORTH AMERICA &gt; UNITED STATES OF AMERICA &gt; NEW HAMPSHIRE</gco:CharacterString>
          </gmd:keyword>
          <gmd:keyword>
            <gco:CharacterString>CONTINENT &gt; NORTH AMERICA &gt; UNITED STATES OF AMERICA &gt; NEW JERSEY</gco:CharacterString>
          </gmd:keyword>
          <gmd:keyword>
            <gco:CharacterString>CONTINENT &gt; NORTH AMERICA &gt; UNITED STATES OF AMERICA &gt; NEW YORK</gco:CharacterString>
          </gmd:keyword>
          <gmd:keyword>
            <gco:CharacterString>CONTINENT &gt; NORTH AMERICA &gt; UNITED STATES OF AMERICA &gt; NORTH CAROLINA</gco:CharacterString>
          </gmd:keyword>
          <gmd:keyword>
            <gco:CharacterString>CONTINENT &gt; NORTH AMERICA &gt; UNITED STATES OF AMERICA &gt; OHIO</gco:CharacterString>
          </gmd:keyword>
          <gmd:keyword>
            <gco:CharacterString>CONTINENT &gt; NORTH AMERICA &gt; UNITED STATES OF AMERICA &gt; OREGON</gco:CharacterString>
          </gmd:keyword>
          <gmd:keyword>
            <gco:CharacterString>CONTINENT &gt; NORTH AMERICA &gt; UNITED STATES OF AMERICA &gt; PENNSYLVANIA</gco:CharacterString>
          </gmd:keyword>
          <gmd:keyword>
            <gco:CharacterString>CONTINENT &gt; NORTH AMERICA &gt; UNITED STATES OF AMERICA &gt; RHODE ISLAND</gco:CharacterString>
          </gmd:keyword>
          <gmd:keyword>
            <gco:CharacterString>CONTINENT &gt; NORTH AMERICA &gt; UNITED STATES OF AMERICA &gt; SOUTH CAROLINA</gco:CharacterString>
          </gmd:keyword>
          <gmd:keyword>
            <gco:CharacterString>CONTINENT &gt; NORTH AMERICA &gt; UNITED STATES OF AMERICA &gt; TEXAS</gco:CharacterString>
          </gmd:keyword>
          <gmd:keyword>
            <gco:CharacterString>CONTINENT &gt; NORTH AMERICA &gt; UNITED STATES OF AMERICA &gt; VERMONT</gco:CharacterString>
          </gmd:keyword>
          <gmd:keyword>
            <gco:CharacterString>CONTINENT &gt; NORTH AMERICA &gt; UNITED STATES OF AMERICA &gt; VIRGINIA</gco:CharacterString>
          </gmd:keyword>
          <gmd:keyword>
            <gco:CharacterString>CONTINENT &gt; NORTH AMERICA &gt; UNITED STATES OF AMERICA &gt; WASHINGTON</gco:CharacterString>
          </gmd:keyword>
          <gmd:keyword>
            <gco:CharacterString>CONTINENT &gt; NORTH AMERICA &gt; UNITED STATES OF AMERICA &gt; WISCONSIN</gco:CharacterString>
          </gmd:keyword>
          <gmd:type>
            <gmd:MD_KeywordTypeCode codeList="http://www.isotc211.org/2005/resources/Codelist/gmxCodelists.xml#gmd:MD_KeywordTypeCode" codeListValue="place">place</gmd:MD_KeywordTypeCode>
          </gmd:type>
          <gmd:thesaurusName>
            <gmd:CI_Citation>
              <gmd:title>
                <gco:CharacterString>Global Change Master Directory (GCMD) Location Keywords</gco:CharacterString>
              </gmd:title>
              <gmd:date gco:nilReason="missing"/>
              <gmd:edition>
                <gco:CharacterString>12.3</gco:CharacterString>
              </gmd:edition>
            </gmd:CI_Citation>
          </gmd:thesaurusName>
        </gmd:MD_Keywords>
      </gmd:descriptiveKeywords>
      <gmd:descriptiveKeywords>
        <gmd:MD_Keywords>
          <gmd:keyword>
            <gco:CharacterString>Earth Remote Sensing Instruments &gt; Passive Remote Sensing &gt; Photon/Optical Detectors &gt; Cameras &gt; CAMERAS</gco:CharacterString>
          </gmd:keyword>
          <gmd:type>
            <gmd:MD_KeywordTypeCode codeList="http://www.isotc211.org/2005/resources/Codelist/gmxCodelists.xml#gmd:MD_KeywordTypeCode" codeListValue="theme">theme</gmd:MD_KeywordTypeCode>
          </gmd:type>
          <gmd:thesaurusName>
            <gmd:CI_Citation>
              <gmd:title>
                <gco:CharacterString>Global Change Master Directory (GCMD) Instrument Keywords</gco:CharacterString>
              </gmd:title>
              <gmd:date gco:nilReason="missing"/>
            </gmd:CI_Citation>
          </gmd:thesaurusName>
        </gmd:MD_Keywords>
      </gmd:descriptiveKeywords>
      <gmd:descriptiveKeywords>
        <gmd:MD_Keywords>
          <gmd:keyword>
            <gco:CharacterString>Earth Observation Satellites &gt; LANDSAT</gco:CharacterString>
          </gmd:keyword>
          <gmd:type>
            <gmd:MD_KeywordTypeCode codeList="http://www.isotc211.org/2005/resources/Codelist/gmxCodelists.xml#gmd:MD_KeywordTypeCode" codeListValue="theme">theme</gmd:MD_KeywordTypeCode>
          </gmd:type>
          <gmd:thesaurusName>
            <gmd:CI_Citation>
              <gmd:title>
                <gco:CharacterString>Global Change Master Directory (GCMD) Platform Keywords</gco:CharacterString>
              </gmd:title>
              <gmd:date gco:nilReason="missing"/>
            </gmd:CI_Citation>
          </gmd:thesaurusName>
        </gmd:MD_Keywords>
      </gmd:descriptiveKeywords>
      <gmd:descriptiveKeywords>
        <gmd:MD_Keywords>
          <gmd:keyword>
            <gco:CharacterString>CCAP</gco:CharacterString>
          </gmd:keyword>
          <gmd:keyword>
            <gco:CharacterString>Coastal Change Analysis Program</gco:CharacterString>
          </gmd:keyword>
          <gmd:keyword>
            <gco:CharacterString>Land Cover Analysis</gco:CharacterString>
          </gmd:keyword>
          <gmd:keyword>
            <gco:CharacterString>Remotely Sensed Imagery/Photos</gco:CharacterString>
          </gmd:keyword>
          <gmd:type>
            <gmd:MD_KeywordTypeCode codeList="http://www.isotc211.org/2005/resources/Codelist/gmxCodelists.xml#gmd:MD_KeywordTypeCode" codeListValue="theme">theme</gmd:MD_KeywordTypeCode>
          </gmd:type>
        </gmd:MD_Keywords>
      </gmd:descriptiveKeywords>
      <gmd:descriptiveKeywords>
        <gmd:MD_Keywords>
          <gmd:keyword>
            <gco:CharacterString>Alabama</gco:CharacterString>
          </gmd:keyword>
          <gmd:keyword>
            <gco:CharacterString>California</gco:CharacterString>
          </gmd:keyword>
          <gmd:keyword>
            <gco:CharacterString>Connecticut</gco:CharacterString>
          </gmd:keyword>
          <gmd:keyword>
            <gco:CharacterString>Delaware</gco:CharacterString>
          </gmd:keyword>
          <gmd:keyword>
            <gco:CharacterString>Florida</gco:CharacterString>
          </gmd:keyword>
          <gmd:keyword>
            <gco:CharacterString>Georgia</gco:CharacterString>
          </gmd:keyword>
          <gmd:keyword>
            <gco:CharacterString>Hawaii</gco:CharacterString>
          </gmd:keyword>
          <gmd:keyword>
            <gco:CharacterString>Illinois</gco:CharacterString>
          </gmd:keyword>
          <gmd:keyword>
            <gco:CharacterString>Indiana</gco:CharacterString>
          </gmd:keyword>
          <gmd:keyword>
            <gco:CharacterString>Louisiana</gco:CharacterString>
          </gmd:keyword>
          <gmd:keyword>
            <gco:CharacterString>Maine</gco:CharacterString>
          </gmd:keyword>
          <gmd:keyword>
            <gco:CharacterString>Maryland</gco:CharacterString>
          </gmd:keyword>
          <gmd:keyword>
            <gco:CharacterString>Massachusetts</gco:CharacterString>
          </gmd:keyword>
          <gmd:keyword>
            <gco:CharacterString>Michigan</gco:CharacterString>
          </gmd:keyword>
          <gmd:keyword>
            <gco:CharacterString>Minnesota</gco:CharacterString>
          </gmd:keyword>
          <gmd:keyword>
            <gco:CharacterString>Mississippi</gco:CharacterString>
          </gmd:keyword>
          <gmd:keyword>
            <gco:CharacterString>New Hampshire</gco:CharacterString>
          </gmd:keyword>
          <gmd:keyword>
            <gco:CharacterString>New Jersey</gco:CharacterString>
          </gmd:keyword>
          <gmd:keyword>
            <gco:CharacterString>New York</gco:CharacterString>
          </gmd:keyword>
          <gmd:keyword>
            <gco:CharacterString>North Carolina</gco:CharacterString>
          </gmd:keyword>
          <gmd:keyword>
            <gco:CharacterString>Ohio</gco:CharacterString>
          </gmd:keyword>
          <gmd:keyword>
            <gco:CharacterString>Oregon</gco:CharacterString>
          </gmd:keyword>
          <gmd:keyword>
            <gco:CharacterString>Pennsylvania</gco:CharacterString>
          </gmd:keyword>
          <gmd:keyword>
            <gco:CharacterString>Rhode Island</gco:CharacterString>
          </gmd:keyword>
          <gmd:keyword>
            <gco:CharacterString>South Carolina</gco:CharacterString>
          </gmd:keyword>
          <gmd:keyword>
            <gco:CharacterString>Texas</gco:CharacterString>
          </gmd:keyword>
          <gmd:keyword>
            <gco:CharacterString>U.S.</gco:CharacterString>
          </gmd:keyword>
          <gmd:keyword>
            <gco:CharacterString>U.S. Coastal Zone</gco:CharacterString>
          </gmd:keyword>
          <gmd:keyword>
            <gco:CharacterString>Vermont</gco:CharacterString>
          </gmd:keyword>
          <gmd:keyword>
            <gco:CharacterString>Virginia</gco:CharacterString>
          </gmd:keyword>
          <gmd:keyword>
            <gco:CharacterString>Washington</gco:CharacterString>
          </gmd:keyword>
          <gmd:keyword>
            <gco:CharacterString>Wisconsin</gco:CharacterString>
          </gmd:keyword>
          <gmd:type>
            <gmd:MD_KeywordTypeCode codeList="http://www.isotc211.org/2005/resources/Codelist/gmxCodelists.xml#gmd:MD_KeywordTypeCode" codeListValue="place">place</gmd:MD_KeywordTypeCode>
          </gmd:type>
        </gmd:MD_Keywords>
      </gmd:descriptiveKeywords>
      <gmd:descriptiveKeywords>
        <gmd:MD_Keywords>
          <gmd:keyword>
            <gco:CharacterString>DOC/NOAA/NOS/OCM &gt; Office of Coastal Management, National Ocean Service, NOAA, U.S. Department of Commerce</gco:CharacterString>
          </gmd:keyword>
          <gmd:type>
            <gmd:MD_KeywordTypeCode codeList="https://data.noaa.gov/resources/iso19139/schema/resources/Codelist/gmxCodelists.xml#MD_KeywordTypeCode" codeListValue="dataCentre">dataCentre</gmd:MD_KeywordTypeCode>
          </gmd:type>
          <gmd:thesaurusName>
            <gmd:CI_Citation uuid="9f0de6e6-428b-11df-9879-0800200c9a66">
              <gmd:title>
                <gco:CharacterString>Global Change Master Directory (GCMD) Data Center Keywords</gco:CharacterString>
              </gmd:title>
              <gmd:date>
                <gmd:CI_Date>
                  <gmd:date>
                    <gco:Date>2017-04-24</gco:Date>
                  </gmd:date>
                  <gmd:dateType>
                    <gmd:CI_DateTypeCode codeList="https://data.noaa.gov/resources/iso19139/schema/resources/Codelist/gmxCodelists.xml#CI_DateTypeCode" codeListValue="publication">publication</gmd:CI_DateTypeCode>
                  </gmd:dateType>
                </gmd:CI_Date>
              </gmd:date>
              <gmd:edition>
                <gco:CharacterString>8.5</gco:CharacterString>
              </gmd:edition>
              <gmd:citedResponsibleParty xlink:href="https://data.noaa.gov/docucomp/1edb41d0-428a-11df-9879-0800200c9a66" xlink:title="GCMD Landing Page"/>
            </gmd:CI_Citation>
          </gmd:thesaurusName>
        </gmd:MD_Keywords>
      </gmd:descriptiveKeywords>
      <gmd:descriptiveKeywords>
        <gmd:MD_Keywords>
          <gmd:keyword>
            <gco:CharacterString>C-CAP</gco:CharacterString>
          </gmd:keyword>
          <gmd:type>
            <gmd:MD_KeywordTypeCode codeList="https://data.noaa.gov/resources/iso19139/schema/resources/Codelist/gmxCodelists.xml#MD_KeywordTypeCode" codeListValue="project">project</gmd:MD_KeywordTypeCode>
          </gmd:type>
          <gmd:thesaurusName>
            <gmd:CI_Citation>
              <gmd:title>
                <gco:CharacterString>InPort</gco:CharacterString>
              </gmd:title>
              <gmd:date gco:nilReason="inapplicable"/>
            </gmd:CI_Citation>
          </gmd:thesaurusName>
        </gmd:MD_Keywords>
      </gmd:descriptiveKeywords>
      <gmd:resourceConstraints>
        <gmd:MD_LegalConstraints>
          <gmd:useConstraints>
            <gmd:MD_RestrictionCode codeList="http://www.isotc211.org/2005/resources/Codelist/gmxCodelists.xml#gmd:MD_RestrictionCode" codeListValue="otherRestrictions">otherRestrictions</gmd:MD_RestrictionCode>
          </gmd:useConstraints>
          <gmd:otherConstraints>
            <gco:CharacterString>
		This data set was compiled dynamically, and will exist on https://chs.coast.noaa.gov/pickup/dav/818688/Job818688_2001_CCAP.zip until 10 days after 01/13/2023. The file will then be deleted from the system.
			Cite As: Office for Coastal Management, [Date of Access]: NOAA's Coastal Change Analysis Program (C-CAP) 2001 Regional Land Cover Data - Coastal United States [Data Date Range], https://www.fisheries.noaa.gov/inport/item/48330.</gco:CharacterString>
          </gmd:otherConstraints>
        </gmd:MD_LegalConstraints>
      </gmd:resourceConstraints>
      <gmd:resourceConstraints>
        <gmd:MD_Constraints>
          <gmd:useLimitation>
            <gco:CharacterString>NOAA provides no warranty, nor accepts any liability occurring from any incomplete, incorrect, or misleading data, or from any incorrect, incomplete, or misleading use of the data. It is the responsibility of the user to determine whether or not the data is suitable for the intended purpose.</gco:CharacterString>
          </gmd:useLimitation>
        </gmd:MD_Constraints>
      </gmd:resourceConstraints>
      <gmd:resourceConstraints>
        <gmd:MD_LegalConstraints>
          <gmd:accessConstraints>
            <gmd:MD_RestrictionCode codeList="http://www.isotc211.org/2005/resources/Codelist/gmxCodelists.xml#gmd:MD_RestrictionCode" codeListValue="otherRestrictions">otherRestrictions</gmd:MD_RestrictionCode>
          </gmd:accessConstraints>
          <gmd:useConstraints>
            <gmd:MD_RestrictionCode codeList="http://www.isotc211.org/2005/resources/Codelist/gmxCodelists.xml#gmd:MD_RestrictionCode" codeListValue="otherRestrictions">otherRestrictions</gmd:MD_RestrictionCode>
          </gmd:useConstraints>
          <gmd:otherConstraints>
            <gco:CharacterString>
		This data set was compiled dynamically, and will exist on https://chs.coast.noaa.gov/pickup/dav/818688/Job818688_2001_CCAP.zip until 10 days after 01/13/2023. The file will then be deleted from the system.
			Access Constraints: None | Use Constraints: Data set is not for use in litigation. While efforts have been made to ensure that these data are accurate and reliable, NOAA, cannot assume liability for any damages, or misrepresentations, caused by any inaccuracies in the data. NOAA makes no warranty, expressed or implied, nor does the fact of distribution constitute such a warranty. | Distribution Liability: Users must assume responsibility to determine the appropriate use of these data. DATA SHOULD NOT BE USED FOR LEGALLY BINDING APPLICATIONS.</gco:CharacterString>
          </gmd:otherConstraints>
        </gmd:MD_LegalConstraints>
      </gmd:resourceConstraints>
      <gmd:resourceConstraints>
        <gmd:MD_SecurityConstraints>
          <gmd:classification>
            <gmd:MD_ClassificationCode codeList="http://www.isotc211.org/2005/resources/Codelist/gmxCodelists.xml#gmd:MD_ClassificationCode" codeListValue="unclassified">unclassified</gmd:MD_ClassificationCode>
          </gmd:classification>
          <gmd:classificationSystem gco:nilReason="missing"/>
          <gmd:handlingDescription gco:nilReason="missing"/>
        </gmd:MD_SecurityConstraints>
      </gmd:resourceConstraints>
      <gmd:aggregationInfo>
        <gmd:MD_AggregateInformation>
          <gmd:aggregateDataSetName>
            <gmd:CI_Citation>
              <gmd:title>
                <gco:CharacterString>NOAA Data Management Plan (DMP)</gco:CharacterString>
              </gmd:title>
              <gmd:date gco:nilReason="unknown"/>
              <gmd:identifier>
                <gmd:MD_Identifier>
                  <gmd:authority>
                    <gmd:CI_Citation>
                      <gmd:title>
                        <gco:CharacterString>NOAA/NMFS/EDM</gco:CharacterString>
                      </gmd:title>
                      <gmd:date gco:nilReason="inapplicable"/>
                    </gmd:CI_Citation>
                  </gmd:authority>
                  <gmd:code>
                    <gco:CharacterString>48330</gco:CharacterString>
                  </gmd:code>
                </gmd:MD_Identifier>
              </gmd:identifier>
              <gmd:citedResponsibleParty>
                <gmd:CI_ResponsibleParty>
                  <gmd:organisationName gco:nilReason="inapplicable"/>
                  <gmd:contactInfo>
                    <gmd:CI_Contact>
                      <gmd:onlineResource>
                        <gmd:CI_OnlineResource>
                          <gmd:linkage>
                            <gmd:URL>https://www.fisheries.noaa.gov/inportserve/waf/noaa/nos/ocm/dmp/pdf/48330.pdf</gmd:URL>
                          </gmd:linkage>
                          <gmd:protocol>
                            <gco:CharacterString>WWW:LINK-1.0-http--link</gco:CharacterString>
                          </gmd:protocol>
                          <gmd:name>
                            <gco:CharacterString>NOAA Data Management Plan (DMP)</gco:CharacterString>
                          </gmd:name>
                          <gmd:description>
                            <gco:CharacterString>NOAA Data Management Plan for this record on InPort.</gco:CharacterString>
                          </gmd:description>
                          <gmd:function>
                            <gmd:CI_OnLineFunctionCode codeList="http://www.isotc211.org/2005/resources/Codelist/gmxCodelists.xml#CI_OnLineFunctionCode" codeListValue="information">information</gmd:CI_OnLineFunctionCode>
                          </gmd:function>
                        </gmd:CI_OnlineResource>
                      </gmd:onlineResource>
                    </gmd:CI_Contact>
                  </gmd:contactInfo>
                  <gmd:role gco:nilReason="inapplicable"/>
                </gmd:CI_ResponsibleParty>
              </gmd:citedResponsibleParty>
            </gmd:CI_Citation>
          </gmd:aggregateDataSetName>
          <gmd:associationType>
            <gmd:DS_AssociationTypeCode codeList="http://www.isotc211.org/2005/resources/Codelist/gmxCodelists.xml#DS_AssociationTypeCode" codeListValue="crossReference">crossReference</gmd:DS_AssociationTypeCode>
          </gmd:associationType>
        </gmd:MD_AggregateInformation>
      </gmd:aggregationInfo>
      <gmd:language>
        <gco:CharacterString>eng; US</gco:CharacterString>
      </gmd:language>
      <gmd:topicCategory>
        <gmd:MD_TopicCategoryCode>imageryBaseMapsEarthCover</gmd:MD_TopicCategoryCode>
      </gmd:topicCategory>
      <gmd:environmentDescription>
        <gco:CharacterString>Microsoft Windows XP Version 5.1 (Build 2600) Service Pack 2; ESRI ArcCatalog 9.1.0.780</gco:CharacterString>
      </gmd:environmentDescription>
      <gmd:extent>
        <gmd:EX_Extent>
          <gmd:geographicElement>
            <gmd:EX_GeographicBoundingBox>
              <gmd:westBoundLongitude>
                <gco:Decimal>
		-70.01394653
		</gco:Decimal>
              </gmd:westBoundLongitude>
              <gmd:eastBoundLongitude>
                <gco:Decimal>
		-69.93292235
		</gco:Decimal>
              </gmd:eastBoundLongitude>
              <gmd:southBoundLatitude>
                <gco:Decimal>22.6</gco:Decimal>
              </gmd:southBoundLatitude>
              <gmd:northBoundLatitude>
                <gco:Decimal>51.07</gco:Decimal>
              </gmd:northBoundLatitude>
            </gmd:EX_GeographicBoundingBox>
          </gmd:geographicElement>
          <gmd:temporalElement>
            <gmd:EX_TemporalExtent>
              <gmd:extent>
                <gml:TimePeriod gml:id="boundingTemporalExtent-1-1">
                  <gml:description> | Currentness: Date of Landsat Scenes</gml:description>
                  <gml:beginPosition>1999-04-28</gml:beginPosition>
                  <gml:endPosition>2006-05-16</gml:endPosition>
                </gml:TimePeriod>
              </gmd:extent>
            </gmd:EX_TemporalExtent>
          </gmd:temporalElement>
        </gmd:EX_Extent>
      </gmd:extent>
      <gmd:supplementalInformation>
        <gco:CharacterString>Attributes for this product are as follows:
0 Background,
1 Unclassified (Cloud, Shadow, etc),
2 High Intensity Developed,
3 Medium Intensity Developed,
4 Low Intensity Developed,
5 Developed Open Space,
6 Cultivated Land,
7 Pasture/Hay,
8 Grassland,
9 Deciduous Forest,
10 Evergreen Forest,
11 Mixed Forest,
12 Scrub/Shrub,
13 Palustrine Forested Wetland,
14 Palustrine Scrub/Shrub Wetland,
15 Palustrine Emergent Wetland,
16 Estuarine Forested Wetland,
17 Estuarine Scrub/Shrub Wetland,
18 Estuarine Emergent Wetland,
19 Unconsolidated Shore,
20 Bare Land,
21 Open Water,
22 Palustrine Aquatic Bed,
23 Estuarine Aquatic Bed,
24 Tundra,
25 Snow/Ice,
Recommended Citation. NOAA Coastal Change Analysis Program (C-CAP) Regional Land Cover Database. Data collected 1995-present. Charleston, SC: National Oceanic and Atmospheric Administration (NOAA) Office for Coastal Management. Data accessed at coast.noaa.gov/landcover.</gco:CharacterString>
      </gmd:supplementalInformation>
    </gmd:MD_DataIdentification>
  </gmd:identificationInfo>
  <gmd:contentInfo>
    <gmd:MD_FeatureCatalogueDescription>
      <gmd:complianceCode>
        <gco:Boolean>false</gco:Boolean>
      </gmd:complianceCode>
      <gmd:language>
        <gmd:LanguageCode codeList="http://www.loc.gov/standards/iso639-2/php/code_list.php" codeListValue="eng">eng</gmd:LanguageCode>
      </gmd:language>
      <gmd:includedWithDataset>
        <gco:Boolean>false</gco:Boolean>
      </gmd:includedWithDataset>
      <gmd:featureCatalogueCitation xlink:href="https://www.fisheries.noaa.gov/inport/item/49090" xlink:actuate="onRequest">
        <gmd:CI_Citation>
          <gmd:title>
            <gco:CharacterString>Coastal United States</gco:CharacterString>
          </gmd:title>
          <gmd:date>
            <gmd:CI_Date>
              <gmd:date>
                <gco:Date>2017-11-16</gco:Date>
              </gmd:date>
              <gmd:dateType>
                <gmd:CI_DateTypeCode codeList="http://www.isotc211.org/2005/resources/Codelist/gmxCodelists.xml#CI_DateTypeCode" codeListValue="publication">publication</gmd:CI_DateTypeCode>
              </gmd:dateType>
            </gmd:CI_Date>
          </gmd:date>
        </gmd:CI_Citation>
      </gmd:featureCatalogueCitation>
    </gmd:MD_FeatureCatalogueDescription>
  </gmd:contentInfo>
  <gmd:distributionInfo>
    <gmd:MD_Distribution>
      <gmd:distributor>
        <gmd:MD_Distributor>
          <gmd:distributorContact>
            <gmd:CI_ResponsibleParty>
              <gmd:organisationName>
                <gco:CharacterString>NOAA Office for Coastal Management</gco:CharacterString>
              </gmd:organisationName>
              <gmd:contactInfo>
                <gmd:CI_Contact>
                  <gmd:phone>
                    <gmd:CI_Telephone>
                      <gmd:voice>
                        <gco:CharacterString>(843) 740-1202</gco:CharacterString>
                      </gmd:voice>
                    </gmd:CI_Telephone>
                  </gmd:phone>
                  <gmd:address>
                    <gmd:CI_Address>
                      <gmd:deliveryPoint>
                        <gco:CharacterString>2234 South Hobson Ave</gco:CharacterString>
                      </gmd:deliveryPoint>
                      <gmd:city>
                        <gco:CharacterString>Charleston</gco:CharacterString>
                      </gmd:city>
                      <gmd:administrativeArea>
                        <gco:CharacterString>SC</gco:CharacterString>
                      </gmd:administrativeArea>
                      <gmd:postalCode>
                        <gco:CharacterString>29405-2413</gco:CharacterString>
                      </gmd:postalCode>
                      <gmd:country gco:nilReason="missing"/>
                      <gmd:electronicMailAddress>
                        <gco:CharacterString>coastal.info@noaa.gov</gco:CharacterString>
                      </gmd:electronicMailAddress>
                    </gmd:CI_Address>
                  </gmd:address>
                  <gmd:onlineResource>
                    <gmd:CI_OnlineResource>
                      <gmd:linkage>
                        <gmd:URL>https://coast.noaa.gov</gmd:URL>
                      </gmd:linkage>
                      <gmd:protocol>
                        <gco:CharacterString>WWW:LINK-1.0-http--link</gco:CharacterString>
                      </gmd:protocol>
                      <gmd:name>
                        <gco:CharacterString>NOAA Office for Coastal Management Website</gco:CharacterString>
                      </gmd:name>
                      <gmd:description>
                        <gco:CharacterString>NOAA Office for Coastal Management Home Page</gco:CharacterString>
                      </gmd:description>
                      <gmd:function>
                        <gmd:CI_OnLineFunctionCode codeList="http://www.isotc211.org/2005/resources/Codelist/gmxCodelists.xml#CI_OnLineFunctionCode" codeListValue="information">information</gmd:CI_OnLineFunctionCode>
                      </gmd:function>
                    </gmd:CI_OnlineResource>
                  </gmd:onlineResource>
                </gmd:CI_Contact>
              </gmd:contactInfo>
              <gmd:role>
                <gmd:CI_RoleCode codeList="http://www.isotc211.org/2005/resources/Codelist/gmxCodelists.xml#gmd:CI_RoleCode" codeListValue="distributor">distributor</gmd:CI_RoleCode>
              </gmd:role>
            </gmd:CI_ResponsibleParty>
          </gmd:distributorContact>
        </gmd:MD_Distributor>
      </gmd:distributor>
      <gmd:transferOptions>
        <gmd:MD_DigitalTransferOptions>
          <gmd:onLine>
            <gmd:CI_OnlineResource>
              <gmd:linkage>
                <gmd:URL>https://coast.noaa.gov/dataviewer/#/imagery/search/where:ID=275</gmd:URL>
              </gmd:linkage>
              <gmd:protocol>
                <gco:CharacterString>WWW:LINK-1.0-http--link</gco:CharacterString>
              </gmd:protocol>
              <gmd:name>
                <gco:CharacterString>Customized Download</gco:CharacterString>
              </gmd:name>
              <gmd:description>
                <gco:CharacterString>Create custom data files by choosing area, map projection, file format, etc.</gco:CharacterString>
              </gmd:description>
              <gmd:function>
                <gmd:CI_OnLineFunctionCode codeList="http://www.isotc211.org/2005/resources/Codelist/gmxCodelists.xml#CI_OnLineFunctionCode" codeListValue="download">download</gmd:CI_OnLineFunctionCode>
              </gmd:function>
            </gmd:CI_OnlineResource>
          </gmd:onLine>
        </gmd:MD_DigitalTransferOptions>
      </gmd:transferOptions>
    </gmd:MD_Distribution>
  </gmd:distributionInfo>
  <gmd:dataQualityInfo>
    <gmd:DQ_DataQuality>
      <gmd:scope>
        <gmd:DQ_Scope>
          <gmd:level>
            <gmd:MD_ScopeCode codeList="http://www.isotc211.org/2005/resources/Codelist/gmxCodelists.xml#MD_ScopeCode" codeListValue="dataset">dataset</gmd:MD_ScopeCode>
          </gmd:level>
        </gmd:DQ_Scope>
      </gmd:scope>
      <gmd:report>
        <gmd:DQ_CompletenessCommission>
          <gmd:nameOfMeasure>
            <gco:CharacterString>Completeness Report</gco:CharacterString>
          </gmd:nameOfMeasure>
          <gmd:evaluationMethodDescription>
            <gco:CharacterString>Data does not exist for all classes. Class 1 (Unclassified) is intentionally left blank. All pixels have been  classified.</gco:CharacterString>
          </gmd:evaluationMethodDescription>
          <gmd:result gco:nilReason="missing"/>
        </gmd:DQ_CompletenessCommission>
      </gmd:report>
      <gmd:report>
        <gmd:DQ_ConceptualConsistency>
          <gmd:nameOfMeasure>
            <gco:CharacterString>Conceptual Consistency</gco:CharacterString>
          </gmd:nameOfMeasure>
          <gmd:evaluationMethodDescription>
            <gco:CharacterString>Tests for logical consistency indicate that all row and column positions in the selected  latitude/longitude window contain data. Conversion and integration with vector files indicates that all positions are consistent with  earth coordinates covering the same area. Attribute files are logically consistent.</gco:CharacterString>
          </gmd:evaluationMethodDescription>
          <gmd:result gco:nilReason="missing"/>
        </gmd:DQ_ConceptualConsistency>
      </gmd:report>
      <gmd:lineage>
        <gmd:LI_Lineage>
          <gmd:statement gco:nilReason="missing"/>
          <gmd:processStep>
            <gmd:LI_ProcessStep>
              <gmd:description>
                <gco:CharacterString>C-CAP data sets have always been created using standardized and repeatable methods to ensure consistency across eras of land cover. The 2016 C-CAP land cover update cycle was different from previous approaches. The United States Geological Survey (USGS) produced its National Land Cover Database (NLCD) 2016 update prior to C-CAP updating the coastal areas, in addition to remapping all previous dates of their land cover. There were significant changes made to all dates of NLCD land cover, resulting corresponding differences to existing C-CAP data holdings. A multi-step approach was taken to create new C-CAP land cover data sets, incorporating improvements from the NLCD, adding C-CAP wetland categories, and multiple quality assurance steps to ensure quality.

The first step was to normalize the difference between the existing 2010 C-CAP and new NLCD 2010 land cover. Areas of difference were examined to identify improvements to be kept, and areas which need additional work. Logic models were initially used to keep the best features from NLCD. Areas needing improvement were isolated and modeled through a series of object-based processing, spectral analysis, and finally hand-edits.  The end result was a new 2010 C-CAP land cover product.

Areas of possible change to 2006 were then identified by combining NLCD changes (2006-2010) and C-CAP changes (2006-2010). These possible change areas were then modeled through a similar approach to the 2010 land cover (logic models, object-based processing, spectral analysis, and hand-edits). These steps resulted in a finalized 2006 land cover. A similar approach was used to create the 2001 and 1996 land cover. The 1996 land cover did not have a corresponding NLCD date, thus possible change areas were identified through using only the original C-CAP 1996-2001 change.</gco:CharacterString>
              </gmd:description>
              <gmd:dateTime>
                <gco:DateTime>2020-03-01T00:00:00</gco:DateTime>
              </gmd:dateTime>
            </gmd:LI_ProcessStep>
          </gmd:processStep>
          <gmd:source>
            <gmd:LI_Source>
              <gmd:description>
                <gco:CharacterString>Source Contribution: Landsat TM satellite imagery were used for image interpretation and classification | Type of Source Media: DVD/CD-ROM/online</gco:CharacterString>
              </gmd:description>
              <gmd:sourceCitation>
                <gmd:CI_Citation>
                  <gmd:title>
                    <gco:CharacterString>Landsat Thematic Mapper satellite imagery</gco:CharacterString>
                  </gmd:title>
                  <gmd:date>
                    <gmd:CI_Date>
                      <gmd:date>
                        <gco:Date>2013-05-21</gco:Date>
                      </gmd:date>
                      <gmd:dateType>
                        <gmd:CI_DateTypeCode codeList="http://www.isotc211.org/2005/resources/Codelist/gmxCodelists.xml#CI_DateTypeCode" codeListValue="publication">publication</gmd:CI_DateTypeCode>
                      </gmd:dateType>
                    </gmd:CI_Date>
                  </gmd:date>
                  <gmd:citedResponsibleParty>
                    <gmd:CI_ResponsibleParty>
                      <gmd:organisationName>
                        <gco:CharacterString>United States Geological Survey</gco:CharacterString>
                      </gmd:organisationName>
                      <gmd:contactInfo>
                        <gmd:CI_Contact>
                          <gmd:onlineResource>
                            <gmd:CI_OnlineResource>
                              <gmd:linkage>
                                <gmd:URL>http://glovis.usgs.gov/</gmd:URL>
                              </gmd:linkage>
                              <gmd:protocol>
                                <gco:CharacterString>WWW:LINK-1.0-http--link</gco:CharacterString>
                              </gmd:protocol>
                              <gmd:name>
                                <gco:CharacterString>Source Citation URL</gco:CharacterString>
                              </gmd:name>
                              <gmd:description>
                                <gco:CharacterString>Source Citation URL</gco:CharacterString>
                              </gmd:description>
                              <gmd:function>
                                <gmd:CI_OnLineFunctionCode codeList="http://www.isotc211.org/2005/resources/Codelist/gmxCodelists.xml#CI_OnLineFunctionCode" codeListValue="information">information</gmd:CI_OnLineFunctionCode>
                              </gmd:function>
                            </gmd:CI_OnlineResource>
                          </gmd:onlineResource>
                        </gmd:CI_Contact>
                      </gmd:contactInfo>
                      <gmd:role gco:nilReason="inapplicable"/>
                    </gmd:CI_ResponsibleParty>
                  </gmd:citedResponsibleParty>
                </gmd:CI_Citation>
              </gmd:sourceCitation>
              <gmd:sourceExtent>
                <gmd:EX_Extent>
                  <gmd:temporalElement>
                    <gmd:EX_TemporalExtent>
                      <gmd:extent>
                        <gml:TimePeriod gml:id="sourceExtent-629926">
                          <gml:beginPosition>1999-04-28</gml:beginPosition>
                          <gml:endPosition>2006-05-16</gml:endPosition>
                        </gml:TimePeriod>
                      </gmd:extent>
                    </gmd:EX_TemporalExtent>
                  </gmd:temporalElement>
                </gmd:EX_Extent>
              </gmd:sourceExtent>
            </gmd:LI_Source>
          </gmd:source>
          <gmd:processStep>
            <gmd:LI_ProcessStep>
              <gmd:description>
                <gco:CharacterString>
							
The dataset has been mosaiced, reprojected, and clipped as needed from the original input files using the gdalwarp command (version GDAL 3.5.0, released 2022/05/10). Gdalwarp options included -t_srs EPSG:26919 -of HFA -co COMPRESSED=YES -co STATISTICS=YES -r near -setci. 

						</gco:CharacterString>
              </gmd:description>
              <gmd:dateTime>
                <gco:DateTime>2023-01-13T15:00:56
</gco:DateTime>
              </gmd:dateTime>
              <gmd:processor>
                <gmd:CI_ResponsibleParty>
                  <gmd:individualName>
                    <gco:CharacterString>NOAA Office for Coastal Management</gco:CharacterString>
                  </gmd:individualName>
                  <gmd:contactInfo>
                    <gmd:CI_Contact>
                      <gmd:address>
                        <gmd:CI_Address>
                          <gmd:electronicMailAddress>
                            <gco:CharacterString>coastal.info@noaa.gov</gco:CharacterString>
                          </gmd:electronicMailAddress>
                        </gmd:CI_Address>
                      </gmd:address>
                    </gmd:CI_Contact>
                  </gmd:contactInfo>
                  <gmd:role>
                    <gmd:CI_RoleCode codeList="http://www.isotc211.org/2005/resources/Codelist/gmxCodelists.xml#gmd:CI_RoleCode" codeListValue="processor">processor</gmd:CI_RoleCode>
                  </gmd:role>
                </gmd:CI_ResponsibleParty>
              </gmd:processor>
            </gmd:LI_ProcessStep>
          </gmd:processStep>
        </gmd:LI_Lineage>
      </gmd:lineage>
    </gmd:DQ_DataQuality>
  </gmd:dataQualityInfo>
</gmi:MI_Metadata>
