<?xml version="1.0" encoding="UTF-8"?>
<gmi:MI_Metadata xmlns:gco="http://www.isotc211.org/2005/gco" xmlns:gmd="http://www.isotc211.org/2005/gmd" xmlns:gmi="http://www.isotc211.org/2005/gmi" xmlns:gml="http://www.opengis.net/gml/3.2" xmlns:gmx="http://www.isotc211.org/2005/gmx" xmlns:gsr="http://www.isotc211.org/2005/gsr" xmlns:gss="http://www.isotc211.org/2005/gss" xmlns:gts="http://www.isotc211.org/2005/gts" xmlns:srv="http://www.isotc211.org/2005/srv" xmlns:xlink="http://www.w3.org/1999/xlink" xmlns:xs="http://www.w3.org/2001/XMLSchema" xmlns:xsi="http://www.w3.org/2001/XMLSchema-instance" xsi:schemaLocation="http://www.isotc211.org/2005/gmi https://data.noaa.gov/resources/iso19139/schema.xsd">
  <gmd:fileIdentifier>
    <gco:CharacterString>gov.noaa.nmfs.inport:50089</gco:CharacterString>
  </gmd:fileIdentifier>
  <gmd:language>
    <gmd:LanguageCode codeList="http://www.loc.gov/standards/iso639-2/php/code_list.php" codeListValue="eng">eng</gmd:LanguageCode>
  </gmd:language>
  <gmd:characterSet>
    <gmd:MD_CharacterSetCode codeList="http://www.isotc211.org/2005/resources/Codelist/gmxCodelists.xml#MD_CharacterSetCode" codeListValue="UTF8">UTF8</gmd:MD_CharacterSetCode>
  </gmd:characterSet>
  <gmd:hierarchyLevel>
    <gmd:MD_ScopeCode codeList="http://www.isotc211.org/2005/resources/Codelist/gmxCodelists.xml#MD_ScopeCode" codeListValue="dataset">dataset</gmd:MD_ScopeCode>
  </gmd:hierarchyLevel>
  <gmd:contact>
    <gmd:CI_ResponsibleParty>
      <gmd:organisationName>
        <gco:CharacterString>OCM Partners</gco:CharacterString>
      </gmd:organisationName>
      <gmd:contactInfo>
        <gmd:CI_Contact>
          <gmd:phone>
            <gmd:CI_Telephone>
              <gmd:voice gco:nilReason="missing"/>
            </gmd:CI_Telephone>
          </gmd:phone>
          <gmd:address>
            <gmd:CI_Address/>
          </gmd:address>
        </gmd:CI_Contact>
      </gmd:contactInfo>
      <gmd:role>
        <gmd:CI_RoleCode codeList="http://www.isotc211.org/2005/resources/Codelist/gmxCodelists.xml#gmd:CI_RoleCode" codeListValue="resourceProvider">resourceProvider</gmd:CI_RoleCode>
      </gmd:role>
    </gmd:CI_ResponsibleParty>
  </gmd:contact>
  <gmd:contact>
    <gmd:CI_ResponsibleParty>
      <gmd:organisationName>
        <gco:CharacterString>NOAA Office for Coastal Management</gco:CharacterString>
      </gmd:organisationName>
      <gmd:contactInfo>
        <gmd:CI_Contact>
          <gmd:phone>
            <gmd:CI_Telephone>
              <gmd:voice>
                <gco:CharacterString>(843) 740-1202</gco:CharacterString>
              </gmd:voice>
            </gmd:CI_Telephone>
          </gmd:phone>
          <gmd:address>
            <gmd:CI_Address>
              <gmd:deliveryPoint>
                <gco:CharacterString>2234 South Hobson Ave</gco:CharacterString>
              </gmd:deliveryPoint>
              <gmd:city>
                <gco:CharacterString>Charleston</gco:CharacterString>
              </gmd:city>
              <gmd:administrativeArea>
                <gco:CharacterString>SC</gco:CharacterString>
              </gmd:administrativeArea>
              <gmd:postalCode>
                <gco:CharacterString>29405-2413</gco:CharacterString>
              </gmd:postalCode>
              <gmd:country gco:nilReason="missing"/>
              <gmd:electronicMailAddress>
                <gco:CharacterString>coastal.info@noaa.gov</gco:CharacterString>
              </gmd:electronicMailAddress>
            </gmd:CI_Address>
          </gmd:address>
          <gmd:onlineResource>
            <gmd:CI_OnlineResource>
              <gmd:linkage>
                <gmd:URL>https://coast.noaa.gov</gmd:URL>
              </gmd:linkage>
              <gmd:protocol>
                <gco:CharacterString>WWW:LINK-1.0-http--link</gco:CharacterString>
              </gmd:protocol>
              <gmd:name>
                <gco:CharacterString>NOAA Office for Coastal Management Website</gco:CharacterString>
              </gmd:name>
              <gmd:description>
                <gco:CharacterString>NOAA Office for Coastal Management Home Page</gco:CharacterString>
              </gmd:description>
              <gmd:function>
                <gmd:CI_OnLineFunctionCode codeList="http://www.isotc211.org/2005/resources/Codelist/gmxCodelists.xml#CI_OnLineFunctionCode" codeListValue="information">information</gmd:CI_OnLineFunctionCode>
              </gmd:function>
            </gmd:CI_OnlineResource>
          </gmd:onlineResource>
        </gmd:CI_Contact>
      </gmd:contactInfo>
      <gmd:role>
        <gmd:CI_RoleCode codeList="http://www.isotc211.org/2005/resources/Codelist/gmxCodelists.xml#gmd:CI_RoleCode" codeListValue="pointOfContact">pointOfContact</gmd:CI_RoleCode>
      </gmd:role>
    </gmd:CI_ResponsibleParty>
  </gmd:contact>
  <gmd:dateStamp>
    <gco:DateTime>2022-08-09T17:11:37</gco:DateTime>
  </gmd:dateStamp>
  <gmd:metadataStandardName>
    <gco:CharacterString>ISO 19115-2 Geographic Information - Metadata Part 2 Extensions for imagery and gridded data</gco:CharacterString>
  </gmd:metadataStandardName>
  <gmd:metadataStandardVersion>
    <gco:CharacterString>ISO 19115-2:2009(E)</gco:CharacterString>
  </gmd:metadataStandardVersion>
  <gmd:referenceSystemInfo xlink:title="NAD83(NSRS2007) / Massachusetts Mainland (ftUS)">
    <gmd:MD_ReferenceSystem>
      <gmd:referenceSystemIdentifier>
        <gmd:RS_Identifier>
          <gmd:authority>
            <gmd:CI_Citation>
              <gmd:title>
                <gco:CharacterString>NAD83(NSRS2007) / Massachusetts Mainland (ftUS)</gco:CharacterString>
              </gmd:title>
              <gmd:date>
                <gmd:CI_Date>
                  <gmd:date>
                    <gco:Date>2008-11-12</gco:Date>
                  </gmd:date>
                  <gmd:dateType>
                    <gmd:CI_DateTypeCode codeList="http://www.isotc211.org/2005/resources/Codelist/gmxCodelists.xml#CI_DateTypeCode" codeListValue="publication">publication</gmd:CI_DateTypeCode>
                  </gmd:dateType>
                </gmd:CI_Date>
              </gmd:date>
              <gmd:citedResponsibleParty>
                <gmd:CI_ResponsibleParty>
                  <gmd:organisationName>
                    <gco:CharacterString>European Petroleum Survey Group</gco:CharacterString>
                  </gmd:organisationName>
                  <gmd:contactInfo>
                    <gmd:CI_Contact>
                      <gmd:onlineResource>
                        <gmd:CI_OnlineResource>
                          <gmd:linkage>
                            <gmd:URL>https://apps.epsg.org/api/v1/CoordRefSystem/3586/export/?format=gml</gmd:URL>
                          </gmd:linkage>
                        </gmd:CI_OnlineResource>
                      </gmd:onlineResource>
                    </gmd:CI_Contact>
                  </gmd:contactInfo>
                  <gmd:role gco:nilReason="missing"/>
                </gmd:CI_ResponsibleParty>
              </gmd:citedResponsibleParty>
            </gmd:CI_Citation>
          </gmd:authority>
          <gmd:code>
            <gco:CharacterString>urn:ogc:def:crs:EPSG:3586</gco:CharacterString>
          </gmd:code>
          <gmd:version>
            <gco:CharacterString>6.18.3</gco:CharacterString>
          </gmd:version>
        </gmd:RS_Identifier>
      </gmd:referenceSystemIdentifier>
    </gmd:MD_ReferenceSystem>
  </gmd:referenceSystemInfo>
  <gmd:referenceSystemInfo xlink:title="NAVD88 height (ftUS) feet">
    <gmd:MD_ReferenceSystem xsi:schemaLocation="http://www.isotc211.org/2005/gmi https://www.ngdc.noaa.gov/metadata/published/xsd/schema.xsd" uuid="7bfef30a-970e-48de-a173-675dc4b61695">
      <gmd:referenceSystemIdentifier>
        <gmd:RS_Identifier>
          <gmd:authority>
            <gmd:CI_Citation>
              <gmd:title>
                <gco:CharacterString>NAVD88 height (ftUS) feet</gco:CharacterString>
              </gmd:title>
              <gmd:alternateTitle>
                <gco:CharacterString>NAVD88 height (ftUS) feet</gco:CharacterString>
              </gmd:alternateTitle>
              <gmd:citedResponsibleParty>
                <gmd:CI_ResponsibleParty>
                  <gmd:organisationName gco:nilReason="withheld"/>
                  <gmd:contactInfo>
                    <gmd:CI_Contact>
                      <gmd:onlineResource>
                        <gmd:CI_OnlineResource>
                          <gmd:linkage>
                            <gmd:URL>https://apps.epsg.org/api/v1/VerticalCoordRefSystem/6360/?api_key=gml</gmd:URL>
                          </gmd:linkage>
                          <gmd:name>
                            <gco:CharacterString>NAVD88 height (ftUS) feet</gco:CharacterString>
                          </gmd:name>
                          <gmd:description>
                            <gco:CharacterString>Link to Geographic Markup Language (GML) description of reference system.</gco:CharacterString>
                          </gmd:description>
                          <gmd:function>
                            <gmd:CI_OnLineFunctionCode codeList="https://www.ngdc.noaa.gov/metadata/published/xsd/schema/resources/Codelist/gmxCodelists.xml#CI_OnLineFunctionCode" codeListValue="information">information</gmd:CI_OnLineFunctionCode>
                          </gmd:function>
                        </gmd:CI_OnlineResource>
                      </gmd:onlineResource>
                    </gmd:CI_Contact>
                  </gmd:contactInfo>
                  <gmd:role>
                    <gmd:CI_RoleCode codeList="http://www.isotc211.org/2005/resources/Codelist/gmxCodelists.xml#CI_RoleCode" codeListValue="resourceProvider">resourceProvider</gmd:CI_RoleCode>
                  </gmd:role>
                </gmd:CI_ResponsibleParty>
              </gmd:citedResponsibleParty>
              <gmd:citedResponsibleParty xlink:title="EPSG Registry">
                <gmd:CI_ResponsibleParty xsi:schemaLocation="http://www.isotc211.org/2005/gmd https://www.ngdc.noaa.gov/metadata/published/xsd/schema.xsd" uuid="68498237-c535-48dd-a292-17c2fc36cb97">
                  <gmd:organisationName>
                    <gco:CharacterString>European Petroleum Survey Group</gco:CharacterString>
                  </gmd:organisationName>
                  <gmd:contactInfo>
                    <gmd:CI_Contact>
                      <gmd:onlineResource>
                        <gmd:CI_OnlineResource>
                          <gmd:linkage>
                            <gmd:URL>https://www.epsg.org/</gmd:URL>
                          </gmd:linkage>
                          <gmd:name>
                            <gco:CharacterString>European Petroleum Survey Group Geodetic Parameter Registry</gco:CharacterString>
                          </gmd:name>
                          <gmd:description>
                            <gco:CharacterString>Registry that accesses the EPSG Geodetic Parameter Dataset, which is a structured dataset of Coordinate Reference Systems and Coordinate Transformations.</gco:CharacterString>
                          </gmd:description>
                          <gmd:function>
                            <gmd:CI_OnLineFunctionCode codeList="https://www.ngdc.noaa.gov/metadata/published/xsd/schema/resources/Codelist/gmxCodelists.xml#CI_OnLineFunctionCode" codeListValue="search">search</gmd:CI_OnLineFunctionCode>
                          </gmd:function>
                        </gmd:CI_OnlineResource>
                      </gmd:onlineResource>
                    </gmd:CI_Contact>
                  </gmd:contactInfo>
                  <gmd:role>
                    <gmd:CI_RoleCode codeList="https://www.ngdc.noaa.gov/metadata/published/xsd/schema/resources/Codelist/gmxCodelists.xml#CI_RoleCode" codeListValue="publisher">publisher</gmd:CI_RoleCode>
                  </gmd:role>
                </gmd:CI_ResponsibleParty>
              </gmd:citedResponsibleParty>
              <gml:VerticalCS xmlns:epsg="urn:x-ogp:spec:schema-xsd:EPSG:1.0:dataset" gml:id="epsg-cs-6499">
                <gml:metaDataProperty>
                  <epsg:CommonMetaData>
                    <epsg:type>vertical</epsg:type>
                    <epsg:informationSource>OGP</epsg:informationSource>
                    <epsg:revisionDate>2006-11-28</epsg:revisionDate>
                    <epsg:isDeprecated>false</epsg:isDeprecated>
                  </epsg:CommonMetaData>
                </gml:metaDataProperty>
                <gml:identifier codeSpace="OGP">urn:ogc:def:cs:EPSG::6497</gml:identifier>
                <gml:name>Vertical CS. Axis: height (H). Orientation: up. UoM: foot [FT_US].</gml:name>
                <gml:remarks>Used in vertical coordinate reference systems.</gml:remarks>
                <gml:axis>
                  <gml:CoordinateSystemAxis uom="urn:ogc:def:uom:EPSG::9003" gml:id="epsg-axis-114">
                    <gml:descriptionReference xlink:href="urn:ogc:def:axis-name:EPSG::9904"/>
                    <gml:identifier codeSpace="OGP">urn:ogc:def:axis:EPSG::114</gml:identifier>
                    <gml:axisAbbrev>H</gml:axisAbbrev>
                    <gml:axisDirection codeSpace="EPSG">up</gml:axisDirection>
                  </gml:CoordinateSystemAxis>
                </gml:axis>
              </gml:VerticalCS>
            </gmd:CI_Citation>
          </gmd:authority>
          <gmd:code>
            <gco:CharacterString>urn:ogc:def:crs:EPSG::6360</gco:CharacterString>
          </gmd:code>
        </gmd:RS_Identifier>
      </gmd:referenceSystemIdentifier>
    </gmd:MD_ReferenceSystem>
  </gmd:referenceSystemInfo>
  <gmd:spatialRepresentationInfo>
    <gmd:MD_GridSpatialRepresentation>
      <gmd:numberOfDimensions>
        <gco:Integer>2</gco:Integer>
      </gmd:numberOfDimensions>
      <gmd:axisDimensionProperties>
        <gmd:MD_Dimension>
          <gmd:dimensionName>
            <gmd:MD_DimensionNameTypeCode codeList="http://www.isotc211.org/2005/resources/Codelist/gmxCodelists.xml#gmd:MD_DimensionNameTypeCode" codeListValue="column">column</gmd:MD_DimensionNameTypeCode>
          </gmd:dimensionName>
          <gmd:dimensionSize>
            <gco:Integer>5434</gco:Integer>
          </gmd:dimensionSize>
          <gmd:resolution>
            <gco:Length uom="foot [FT_US]">3</gco:Length>
          </gmd:resolution>
        </gmd:MD_Dimension>
      </gmd:axisDimensionProperties>
      <gmd:axisDimensionProperties>
        <gmd:MD_Dimension>
          <gmd:dimensionName>
            <gmd:MD_DimensionNameTypeCode codeList="http://www.isotc211.org/2005/resources/Codelist/gmxCodelists.xml#gmd:MD_DimensionNameTypeCode" codeListValue="row">row</gmd:MD_DimensionNameTypeCode>
          </gmd:dimensionName>
          <gmd:dimensionSize>
            <gco:Integer>7978</gco:Integer>
          </gmd:dimensionSize>
          <gmd:resolution>
            <gco:Length uom="foot [FT_US]">3</gco:Length>
          </gmd:resolution>
        </gmd:MD_Dimension>
      </gmd:axisDimensionProperties>
      <gmd:cellGeometry>
        <gmd:MD_CellGeometryCode codeList="http://www.isotc211.org/2005/resources/Codelist/gmxCodelists.xml#gmd:MD_CellGeometryCode" codeListValue="point">point</gmd:MD_CellGeometryCode>
      </gmd:cellGeometry>
      <gmd:transformationParameterAvailability>
        <gco:Boolean>0</gco:Boolean>
      </gmd:transformationParameterAvailability>
    </gmd:MD_GridSpatialRepresentation>
  </gmd:spatialRepresentationInfo>
  <gmd:identificationInfo>
    <gmd:MD_DataIdentification>
      <gmd:citation>
        <gmd:CI_Citation>
          <gmd:title>
            <gco:CharacterString>2010 USACE NCMP Topobathy Lidar: Northeast Atlantic Coast (CT, MA, ME, NH, RI)</gco:CharacterString>
          </gmd:title>
          <gmd:alternateTitle>
            <gco:CharacterString>usace2010_ne_m1174_metadata</gco:CharacterString>
          </gmd:alternateTitle>
          <gmd:date>
            <gmd:CI_Date>
              <gmd:date>
                <gco:Date>2010</gco:Date>
              </gmd:date>
              <gmd:dateType>
                <gmd:CI_DateTypeCode codeList="http://www.isotc211.org/2005/resources/codeList.xml#CI_DateTypeCode" codeListValue="creation">creation</gmd:CI_DateTypeCode>
              </gmd:dateType>
            </gmd:CI_Date>
          </gmd:date>
          <gmd:date>
            <gmd:CI_Date>
              <gmd:date gco:nilReason="missing"/>
              <gmd:dateType>
                <gmd:CI_DateTypeCode codeList="http://www.isotc211.org/2005/resources/codeList.xml#CI_DateTypeCode" codeListValue="publication">publication</gmd:CI_DateTypeCode>
              </gmd:dateType>
            </gmd:CI_Date>
          </gmd:date>
          <gmd:identifier>
            <gmd:MD_Identifier>
              <gmd:authority>
                <gmd:CI_Citation>
                  <gmd:title>
                    <gco:CharacterString>NOAA/NMFS/EDM</gco:CharacterString>
                  </gmd:title>
                  <gmd:date gco:nilReason="inapplicable"/>
                </gmd:CI_Citation>
              </gmd:authority>
              <gmd:code>
                <gmx:Anchor xlink:href="https://www.fisheries.noaa.gov/inport/item/50089" xlink:actuate="onRequest" xlink:title="InPort Catalog ID">50089</gmx:Anchor>
              </gmd:code>
            </gmd:MD_Identifier>
          </gmd:identifier>
          <gmd:citedResponsibleParty>
            <gmd:CI_ResponsibleParty>
              <gmd:organisationName gco:nilReason="inapplicable"/>
              <gmd:contactInfo>
                <gmd:CI_Contact>
                  <gmd:onlineResource>
                    <gmd:CI_OnlineResource>
                      <gmd:linkage>
                        <gmd:URL>https://www.fisheries.noaa.gov/inport/item/50089</gmd:URL>
                      </gmd:linkage>
                      <gmd:protocol>
                        <gco:CharacterString>WWW:LINK-1.0-http--link</gco:CharacterString>
                      </gmd:protocol>
                      <gmd:name>
                        <gco:CharacterString>Full Metadata Record</gco:CharacterString>
                      </gmd:name>
                      <gmd:description>
                        <gco:CharacterString>View the complete metadata record on InPort for more information about this dataset.</gco:CharacterString>
                      </gmd:description>
                      <gmd:function>
                        <gmd:CI_OnLineFunctionCode codeList="http://www.isotc211.org/2005/resources/Codelist/gmxCodelists.xml#CI_OnLineFunctionCode" codeListValue="information">information</gmd:CI_OnLineFunctionCode>
                      </gmd:function>
                    </gmd:CI_OnlineResource>
                  </gmd:onlineResource>
                </gmd:CI_Contact>
              </gmd:contactInfo>
              <gmd:role gco:nilReason="inapplicable"/>
            </gmd:CI_ResponsibleParty>
          </gmd:citedResponsibleParty>
          <gmd:citedResponsibleParty>
            <gmd:CI_ResponsibleParty>
              <gmd:organisationName gco:nilReason="inapplicable"/>
              <gmd:contactInfo>
                <gmd:CI_Contact>
                  <gmd:onlineResource>
                    <gmd:CI_OnlineResource>
                      <gmd:linkage>
                        <gmd:URL>https://coast.noaa.gov</gmd:URL>
                      </gmd:linkage>
                      <gmd:protocol>
                        <gco:CharacterString>WWW:LINK-1.0-http--link</gco:CharacterString>
                      </gmd:protocol>
                      <gmd:name>
                        <gco:CharacterString>NOAA's Office for Coastal Management (OCM) website</gco:CharacterString>
                      </gmd:name>
                      <gmd:description>
                        <gco:CharacterString>Information about the NOAA Office for Coastal Management (OCM).</gco:CharacterString>
                      </gmd:description>
                      <gmd:function>
                        <gmd:CI_OnLineFunctionCode codeList="http://www.isotc211.org/2005/resources/Codelist/gmxCodelists.xml#CI_OnLineFunctionCode" codeListValue="download">download</gmd:CI_OnLineFunctionCode>
                      </gmd:function>
                    </gmd:CI_OnlineResource>
                  </gmd:onlineResource>
                </gmd:CI_Contact>
              </gmd:contactInfo>
              <gmd:role gco:nilReason="inapplicable"/>
            </gmd:CI_ResponsibleParty>
          </gmd:citedResponsibleParty>
          <gmd:citedResponsibleParty>
            <gmd:CI_ResponsibleParty>
              <gmd:organisationName gco:nilReason="inapplicable"/>
              <gmd:contactInfo>
                <gmd:CI_Contact>
                  <gmd:onlineResource>
                    <gmd:CI_OnlineResource>
                      <gmd:linkage>
                        <gmd:URL>https://coast.noaa.gov/dataviewer/#/lidar/search/where:ID=9447/details/9447</gmd:URL>
                      </gmd:linkage>
                      <gmd:protocol>
                        <gco:CharacterString>WWW:LINK-1.0-http--link</gco:CharacterString>
                      </gmd:protocol>
                      <gmd:name>
                        <gco:CharacterString>Custom DEM Download</gco:CharacterString>
                      </gmd:name>
                      <gmd:description>
                        <gco:CharacterString>Link to custom download, from the Data Access Viewer (DAV), the raster Digital Elevation Model (DEM) data that were created from this lidar data set.</gco:CharacterString>
                      </gmd:description>
                      <gmd:function>
                        <gmd:CI_OnLineFunctionCode codeList="http://www.isotc211.org/2005/resources/Codelist/gmxCodelists.xml#CI_OnLineFunctionCode" codeListValue="download">download</gmd:CI_OnLineFunctionCode>
                      </gmd:function>
                    </gmd:CI_OnlineResource>
                  </gmd:onlineResource>
                </gmd:CI_Contact>
              </gmd:contactInfo>
              <gmd:role gco:nilReason="inapplicable"/>
            </gmd:CI_ResponsibleParty>
          </gmd:citedResponsibleParty>
          <gmd:citedResponsibleParty>
            <gmd:CI_ResponsibleParty>
              <gmd:organisationName gco:nilReason="inapplicable"/>
              <gmd:contactInfo>
                <gmd:CI_Contact>
                  <gmd:onlineResource>
                    <gmd:CI_OnlineResource>
                      <gmd:linkage>
                        <gmd:URL>https://coast.noaa.gov/dataviewer</gmd:URL>
                      </gmd:linkage>
                      <gmd:protocol>
                        <gco:CharacterString>WWW:LINK-1.0-http--link</gco:CharacterString>
                      </gmd:protocol>
                      <gmd:name>
                        <gco:CharacterString>NOAA's Office for Coastal Management (OCM) Data Access Viewer (DAV)</gco:CharacterString>
                      </gmd:name>
                      <gmd:description>
                        <gco:CharacterString>The Data Access Viewer (DAV) allows a user to search for and download elevation, imagery, and land cover data for the coastal U.S. and its territories. The data, hosted by the NOAA Office for Coastal Management, can be customized and requested for free download through a checkout interface. An email provides a link to the customized data, while the original data set is available through a link within the viewer.</gco:CharacterString>
                      </gmd:description>
                      <gmd:function>
                        <gmd:CI_OnLineFunctionCode codeList="http://www.isotc211.org/2005/resources/Codelist/gmxCodelists.xml#CI_OnLineFunctionCode" codeListValue="download">download</gmd:CI_OnLineFunctionCode>
                      </gmd:function>
                    </gmd:CI_OnlineResource>
                  </gmd:onlineResource>
                </gmd:CI_Contact>
              </gmd:contactInfo>
              <gmd:role gco:nilReason="inapplicable"/>
            </gmd:CI_ResponsibleParty>
          </gmd:citedResponsibleParty>
        </gmd:CI_Citation>
      </gmd:citation>
      <gmd:abstract>
        <gco:CharacterString>These files contain topographic lidar and bathymetric data classified as ground (2), unclassified (1), and NOAA OCM bathymetry (11) in accordance with the American Society for Photogrammetry and Remote Sensing (ASPRS) classification standards. Rejected or invalid data is classified as noise (7). These data were collected by a HawkEye II (HEII) lidar sensor. The HEII integrates topographic and bathymetric lidar sensors, and a digital camera on a single remote sensing platform for use in coastal mapping and charting activities. Native lidar data is not generally in a format accessible to most Geographical Information Systems (GIS). Specialized in-house
and commercial software packages are used to process the native lidar data into 3D positions that can be imported into GIS software for visualization and further analysis. Horizontal positions, provided in decimal degrees of latitude and longitude, are referenced to the North American Datum of 1983 (NAD83). For the topographic data, vertical positions were acquired to the NAD83 ellipsoid. The National Geodetic Survey's (NGS) GEOID09 model was used to transform the vertical positions from ellipsoid to orthometric heights referenced to the North American Vertical Datum of 1988 (NAVD88). The bathymetry files for this data set were received by NOAA OCM after the initial topographic files. The bathymetry files were added to the existing topographic data set. The bathymetry files were received in csv format and in geographic coordinates, referenced to the North American Datum of 1983 (NAD83). They were in ellipsoid heights, in meters. For data storage and Digital Coast provisioning, the NOAA OCM converted the topographic files to ellipsoid heights and the bathymetry files to las format. The bathymetry files were also classified as 11 (NOAA OCM bathymetry). The 3D position data are sub-divided into a series of files each covering approximately 5 kilometers of shoreline.

In addition to these lidar point data, the bare earth Digital Elevation Models (DEM) created from the lidar point data are also available. These data are available for custom download at the link provided in the URL section of this metadata record.

Original contact information: 
   Contact Org: JALBTCX
   Title: Data Production Manager
   Phone: 228-252-1121
   Email: JALBTCX@usace.army.mil
This data set is a raster file of z values with 5434 columns and 7978 rows. The data set was extracted from a larger classified data set and only includes points classified as Ground and Green Laser returns within the requested geographic bounds.
		</gco:CharacterString>
      </gmd:abstract>
      <gmd:purpose>
        <gco:CharacterString>These data were collected as a part of the NCMP to depict the elevations above and below the water in the coastal zone of Rhode Island, Massachusetts,
New Hampshire, Connecticut, and Maine.</gco:CharacterString>
      </gmd:purpose>
      <gmd:credit>
        <gco:CharacterString>Acknowledgment of US Army Corps of Engineers (USACE) Joint Airborne Lidar Bathymetry Technical Center of Expertise (JALBTCX) would
be appreciated in products derived from these data.
			The custom download may be cited as National Oceanic and Atmospheric Administration (NOAA) Digital Coast Data Access Viewer. Custom processing of "2010 USACE NCMP Topobathy Lidar: Northeast Atlantic Coast (CT, MA, ME, NH, RI)". Charleston, SC: NOAA Office for Coastal Management. Accessed Feb 18, 2023 at https://coast.noaa.gov/dataviewer.
		</gco:CharacterString>
      </gmd:credit>
      <gmd:status>
        <gmd:MD_ProgressCode codeList="http://www.isotc211.org/2005/resources/Codelist/gmxCodelists.xml#gmd:MD_ProgressCode" codeListValue="completed">completed</gmd:MD_ProgressCode>
      </gmd:status>
      <gmd:pointOfContact>
        <gmd:CI_ResponsibleParty>
          <gmd:organisationName>
            <gco:CharacterString>NOAA Office for Coastal Management</gco:CharacterString>
          </gmd:organisationName>
          <gmd:contactInfo>
            <gmd:CI_Contact>
              <gmd:phone>
                <gmd:CI_Telephone>
                  <gmd:voice>
                    <gco:CharacterString>(843) 740-1202</gco:CharacterString>
                  </gmd:voice>
                </gmd:CI_Telephone>
              </gmd:phone>
              <gmd:address>
                <gmd:CI_Address>
                  <gmd:deliveryPoint>
                    <gco:CharacterString>2234 South Hobson Ave</gco:CharacterString>
                  </gmd:deliveryPoint>
                  <gmd:city>
                    <gco:CharacterString>Charleston</gco:CharacterString>
                  </gmd:city>
                  <gmd:administrativeArea>
                    <gco:CharacterString>SC</gco:CharacterString>
                  </gmd:administrativeArea>
                  <gmd:postalCode>
                    <gco:CharacterString>29405-2413</gco:CharacterString>
                  </gmd:postalCode>
                  <gmd:country gco:nilReason="missing"/>
                  <gmd:electronicMailAddress>
                    <gco:CharacterString>coastal.info@noaa.gov</gco:CharacterString>
                  </gmd:electronicMailAddress>
                </gmd:CI_Address>
              </gmd:address>
              <gmd:onlineResource>
                <gmd:CI_OnlineResource>
                  <gmd:linkage>
                    <gmd:URL>https://coast.noaa.gov</gmd:URL>
                  </gmd:linkage>
                  <gmd:protocol>
                    <gco:CharacterString>WWW:LINK-1.0-http--link</gco:CharacterString>
                  </gmd:protocol>
                  <gmd:name>
                    <gco:CharacterString>NOAA Office for Coastal Management Website</gco:CharacterString>
                  </gmd:name>
                  <gmd:description>
                    <gco:CharacterString>NOAA Office for Coastal Management Home Page</gco:CharacterString>
                  </gmd:description>
                  <gmd:function>
                    <gmd:CI_OnLineFunctionCode codeList="http://www.isotc211.org/2005/resources/Codelist/gmxCodelists.xml#CI_OnLineFunctionCode" codeListValue="information">information</gmd:CI_OnLineFunctionCode>
                  </gmd:function>
                </gmd:CI_OnlineResource>
              </gmd:onlineResource>
            </gmd:CI_Contact>
          </gmd:contactInfo>
          <gmd:role>
            <gmd:CI_RoleCode codeList="http://www.isotc211.org/2005/resources/Codelist/gmxCodelists.xml#gmd:CI_RoleCode" codeListValue="pointOfContact">pointOfContact</gmd:CI_RoleCode>
          </gmd:role>
        </gmd:CI_ResponsibleParty>
      </gmd:pointOfContact>
      <gmd:pointOfContact>
        <gmd:CI_ResponsibleParty>
          <gmd:organisationName>
            <gco:CharacterString>NOAA Office for Coastal Management</gco:CharacterString>
          </gmd:organisationName>
          <gmd:contactInfo>
            <gmd:CI_Contact>
              <gmd:phone>
                <gmd:CI_Telephone>
                  <gmd:voice>
                    <gco:CharacterString>(843) 740-1202</gco:CharacterString>
                  </gmd:voice>
                </gmd:CI_Telephone>
              </gmd:phone>
              <gmd:address>
                <gmd:CI_Address>
                  <gmd:deliveryPoint>
                    <gco:CharacterString>2234 South Hobson Ave</gco:CharacterString>
                  </gmd:deliveryPoint>
                  <gmd:city>
                    <gco:CharacterString>Charleston</gco:CharacterString>
                  </gmd:city>
                  <gmd:administrativeArea>
                    <gco:CharacterString>SC</gco:CharacterString>
                  </gmd:administrativeArea>
                  <gmd:postalCode>
                    <gco:CharacterString>29405-2413</gco:CharacterString>
                  </gmd:postalCode>
                  <gmd:country gco:nilReason="missing"/>
                  <gmd:electronicMailAddress>
                    <gco:CharacterString>coastal.info@noaa.gov</gco:CharacterString>
                  </gmd:electronicMailAddress>
                </gmd:CI_Address>
              </gmd:address>
              <gmd:onlineResource>
                <gmd:CI_OnlineResource>
                  <gmd:linkage>
                    <gmd:URL>https://coast.noaa.gov</gmd:URL>
                  </gmd:linkage>
                  <gmd:protocol>
                    <gco:CharacterString>WWW:LINK-1.0-http--link</gco:CharacterString>
                  </gmd:protocol>
                  <gmd:name>
                    <gco:CharacterString>NOAA Office for Coastal Management Website</gco:CharacterString>
                  </gmd:name>
                  <gmd:description>
                    <gco:CharacterString>NOAA Office for Coastal Management Home Page</gco:CharacterString>
                  </gmd:description>
                  <gmd:function>
                    <gmd:CI_OnLineFunctionCode codeList="http://www.isotc211.org/2005/resources/Codelist/gmxCodelists.xml#CI_OnLineFunctionCode" codeListValue="information">information</gmd:CI_OnLineFunctionCode>
                  </gmd:function>
                </gmd:CI_OnlineResource>
              </gmd:onlineResource>
            </gmd:CI_Contact>
          </gmd:contactInfo>
          <gmd:role>
            <gmd:CI_RoleCode codeList="http://www.isotc211.org/2005/resources/Codelist/gmxCodelists.xml#gmd:CI_RoleCode" codeListValue="custodian">custodian</gmd:CI_RoleCode>
          </gmd:role>
        </gmd:CI_ResponsibleParty>
      </gmd:pointOfContact>
      <gmd:resourceMaintenance>
        <gmd:MD_MaintenanceInformation>
          <gmd:maintenanceAndUpdateFrequency>
            <gmd:MD_MaintenanceFrequencyCode codeList="http://www.tc211.org/ISO19139/resources/codeList.xml#MD_MaintenanceFrequencyCode" codeListValue="asNeeded">asNeeded</gmd:MD_MaintenanceFrequencyCode>
          </gmd:maintenanceAndUpdateFrequency>
        </gmd:MD_MaintenanceInformation>
      </gmd:resourceMaintenance>
      <gmd:descriptiveKeywords>
        <gmd:MD_Keywords>
          <gmd:keyword>
            <gco:CharacterString>CHARTS</gco:CharacterString>
          </gmd:keyword>
          <gmd:keyword>
            <gco:CharacterString>JALBTCX</gco:CharacterString>
          </gmd:keyword>
          <gmd:keyword>
            <gco:CharacterString>NCMP</gco:CharacterString>
          </gmd:keyword>
          <gmd:keyword>
            <gco:CharacterString>SHOALS</gco:CharacterString>
          </gmd:keyword>
          <gmd:keyword>
            <gco:CharacterString>Topobathy</gco:CharacterString>
          </gmd:keyword>
          <gmd:keyword>
            <gco:CharacterString>U.S. Army Corps of Engineers</gco:CharacterString>
          </gmd:keyword>
          <gmd:keyword>
            <gco:CharacterString>USACE</gco:CharacterString>
          </gmd:keyword>
          <gmd:type>
            <gmd:MD_KeywordTypeCode codeList="http://www.isotc211.org/2005/resources/Codelist/gmxCodelists.xml#gmd:MD_KeywordTypeCode" codeListValue="theme">theme</gmd:MD_KeywordTypeCode>
          </gmd:type>
        </gmd:MD_Keywords>
      </gmd:descriptiveKeywords>
      <gmd:descriptiveKeywords>
        <gmd:MD_Keywords>
          <gmd:keyword>
            <gco:CharacterString>2010</gco:CharacterString>
          </gmd:keyword>
          <gmd:keyword>
            <gco:CharacterString>July</gco:CharacterString>
          </gmd:keyword>
          <gmd:keyword>
            <gco:CharacterString>May</gco:CharacterString>
          </gmd:keyword>
          <gmd:type>
            <gmd:MD_KeywordTypeCode codeList="http://www.isotc211.org/2005/resources/Codelist/gmxCodelists.xml#gmd:MD_KeywordTypeCode" codeListValue="temporal">temporal</gmd:MD_KeywordTypeCode>
          </gmd:type>
        </gmd:MD_Keywords>
      </gmd:descriptiveKeywords>
      <gmd:descriptiveKeywords>
        <gmd:MD_Keywords>
          <gmd:keyword>
            <gco:CharacterString>Lidar - partner (no harvest)</gco:CharacterString>
          </gmd:keyword>
          <gmd:type>
            <gmd:MD_KeywordTypeCode codeList="https://data.noaa.gov/resources/iso19139/schema/resources/Codelist/gmxCodelists.xml#MD_KeywordTypeCode" codeListValue="project">project</gmd:MD_KeywordTypeCode>
          </gmd:type>
          <gmd:thesaurusName>
            <gmd:CI_Citation>
              <gmd:title>
                <gco:CharacterString>InPort</gco:CharacterString>
              </gmd:title>
              <gmd:date gco:nilReason="inapplicable"/>
            </gmd:CI_Citation>
          </gmd:thesaurusName>
        </gmd:MD_Keywords>
      </gmd:descriptiveKeywords>
      <gmd:resourceConstraints>
        <gmd:MD_LegalConstraints>
          <gmd:useConstraints>
            <gmd:MD_RestrictionCode codeList="http://www.isotc211.org/2005/resources/Codelist/gmxCodelists.xml#gmd:MD_RestrictionCode" codeListValue="otherRestrictions">otherRestrictions</gmd:MD_RestrictionCode>
          </gmd:useConstraints>
          <gmd:otherConstraints>
            <gco:CharacterString>
		This data set was compiled dynamically, and will exist on https://chs.coast.noaa.gov/pickup/dav/592483/592483/2010_USACE_NE_Job831131.zip until 10 days after 02/18/2023. The file will then be deleted from the system.
			Cite As: OCM Partners, [Date of Access]: 2010 USACE NCMP Topobathy Lidar: Northeast Atlantic Coast (CT, MA, ME, NH, RI) [Data Date Range], https://www.fisheries.noaa.gov/inport/item/50089.</gco:CharacterString>
          </gmd:otherConstraints>
        </gmd:MD_LegalConstraints>
      </gmd:resourceConstraints>
      <gmd:resourceConstraints>
        <gmd:MD_Constraints>
          <gmd:useLimitation>
            <gco:CharacterString>NOAA provides no warranty, nor accepts any liability occurring from any incomplete, incorrect, or misleading data, or from any incorrect, incomplete, or misleading use of the data. It is the responsibility of the user to determine whether or not the data is suitable for the intended purpose.</gco:CharacterString>
          </gmd:useLimitation>
        </gmd:MD_Constraints>
      </gmd:resourceConstraints>
      <gmd:resourceConstraints>
        <gmd:MD_LegalConstraints>
          <gmd:accessConstraints>
            <gmd:MD_RestrictionCode codeList="http://www.isotc211.org/2005/resources/Codelist/gmxCodelists.xml#gmd:MD_RestrictionCode" codeListValue="otherRestrictions">otherRestrictions</gmd:MD_RestrictionCode>
          </gmd:accessConstraints>
          <gmd:useConstraints>
            <gmd:MD_RestrictionCode codeList="http://www.isotc211.org/2005/resources/Codelist/gmxCodelists.xml#gmd:MD_RestrictionCode" codeListValue="otherRestrictions">otherRestrictions</gmd:MD_RestrictionCode>
          </gmd:useConstraints>
          <gmd:otherConstraints>
            <gco:CharacterString>
		This data set was compiled dynamically, and will exist on https://chs.coast.noaa.gov/pickup/dav/592483/592483/2010_USACE_NE_Job831131.zip until 10 days after 02/18/2023. The file will then be deleted from the system.
			Access Constraints: None | Use Constraints: Users should be aware that temporal changes may have occurred since this data set was collected and some parts of
this data may no longer represent actual surface conditions. Users should not use this data for critical applications without a
full awareness of its limitations. These data depict the heights at the time of the survey and are only accurate for that time. | Distribution Liability: Any conclusions drawn from the analysis of this information are not the responsibility of JALBTCX, the Office for Coastal Management or its partners.</gco:CharacterString>
          </gmd:otherConstraints>
        </gmd:MD_LegalConstraints>
      </gmd:resourceConstraints>
      <gmd:resourceConstraints>
        <gmd:MD_SecurityConstraints>
          <gmd:classification>
            <gmd:MD_ClassificationCode codeList="http://www.isotc211.org/2005/resources/Codelist/gmxCodelists.xml#gmd:MD_ClassificationCode" codeListValue="unclassified">unclassified</gmd:MD_ClassificationCode>
          </gmd:classification>
          <gmd:classificationSystem gco:nilReason="missing"/>
          <gmd:handlingDescription gco:nilReason="missing"/>
        </gmd:MD_SecurityConstraints>
      </gmd:resourceConstraints>
      <gmd:aggregationInfo>
        <gmd:MD_AggregateInformation>
          <gmd:aggregateDataSetName>
            <gmd:CI_Citation>
              <gmd:title>
                <gco:CharacterString>2010 USACE NCMP Topobathy Lidar DEM: Northeast Atlantic Coast (CT, MA, ME, NH, RI)</gco:CharacterString>
              </gmd:title>
              <gmd:date gco:nilReason="unknown"/>
              <gmd:identifier>
                <gmd:MD_Identifier>
                  <gmd:authority>
                    <gmd:CI_Citation>
                      <gmd:title>
                        <gco:CharacterString>NOAA/NMFS/EDM</gco:CharacterString>
                      </gmd:title>
                      <gmd:date gco:nilReason="inapplicable"/>
                    </gmd:CI_Citation>
                  </gmd:authority>
                  <gmd:code>
                    <gco:CharacterString>66503</gco:CharacterString>
                  </gmd:code>
                </gmd:MD_Identifier>
              </gmd:identifier>
            </gmd:CI_Citation>
          </gmd:aggregateDataSetName>
          <gmd:associationType>
            <gmd:DS_AssociationTypeCode codeList="http://www.isotc211.org/2005/resources/Codelist/gmxCodelists.xml#DS_AssociationTypeCode" codeListValue="crossReference">crossReference</gmd:DS_AssociationTypeCode>
          </gmd:associationType>
        </gmd:MD_AggregateInformation>
      </gmd:aggregationInfo>
      <gmd:aggregationInfo>
        <gmd:MD_AggregateInformation>
          <gmd:aggregateDataSetName>
            <gmd:CI_Citation>
              <gmd:title>
                <gco:CharacterString>NOAA Data Management Plan (DMP)</gco:CharacterString>
              </gmd:title>
              <gmd:date gco:nilReason="unknown"/>
              <gmd:identifier>
                <gmd:MD_Identifier>
                  <gmd:authority>
                    <gmd:CI_Citation>
                      <gmd:title>
                        <gco:CharacterString>NOAA/NMFS/EDM</gco:CharacterString>
                      </gmd:title>
                      <gmd:date gco:nilReason="inapplicable"/>
                    </gmd:CI_Citation>
                  </gmd:authority>
                  <gmd:code>
                    <gco:CharacterString>50089</gco:CharacterString>
                  </gmd:code>
                </gmd:MD_Identifier>
              </gmd:identifier>
              <gmd:citedResponsibleParty>
                <gmd:CI_ResponsibleParty>
                  <gmd:organisationName gco:nilReason="inapplicable"/>
                  <gmd:contactInfo>
                    <gmd:CI_Contact>
                      <gmd:onlineResource>
                        <gmd:CI_OnlineResource>
                          <gmd:linkage>
                            <gmd:URL>https://www.fisheries.noaa.gov/inportserve/waf/noaa/nos/ocmp/dmp/pdf/50089.pdf</gmd:URL>
                          </gmd:linkage>
                          <gmd:protocol>
                            <gco:CharacterString>WWW:LINK-1.0-http--link</gco:CharacterString>
                          </gmd:protocol>
                          <gmd:name>
                            <gco:CharacterString>NOAA Data Management Plan (DMP)</gco:CharacterString>
                          </gmd:name>
                          <gmd:description>
                            <gco:CharacterString>NOAA Data Management Plan for this record on InPort.</gco:CharacterString>
                          </gmd:description>
                          <gmd:function>
                            <gmd:CI_OnLineFunctionCode codeList="http://www.isotc211.org/2005/resources/Codelist/gmxCodelists.xml#CI_OnLineFunctionCode" codeListValue="information">information</gmd:CI_OnLineFunctionCode>
                          </gmd:function>
                        </gmd:CI_OnlineResource>
                      </gmd:onlineResource>
                    </gmd:CI_Contact>
                  </gmd:contactInfo>
                  <gmd:role gco:nilReason="inapplicable"/>
                </gmd:CI_ResponsibleParty>
              </gmd:citedResponsibleParty>
            </gmd:CI_Citation>
          </gmd:aggregateDataSetName>
          <gmd:associationType>
            <gmd:DS_AssociationTypeCode codeList="http://www.isotc211.org/2005/resources/Codelist/gmxCodelists.xml#DS_AssociationTypeCode" codeListValue="crossReference">crossReference</gmd:DS_AssociationTypeCode>
          </gmd:associationType>
        </gmd:MD_AggregateInformation>
      </gmd:aggregationInfo>
      <gmd:spatialRepresentationType>
        <gmd:MD_SpatialRepresentationTypeCode codeList="http://www.isotc211.org/2005/resources/Codelist/gmxCodelists.xml#gmd:MD_SpatialRepresentationTypeCode" codeListValue="vector">vector</gmd:MD_SpatialRepresentationTypeCode>
      </gmd:spatialRepresentationType>
      <gmd:language>
        <gco:CharacterString>eng; US</gco:CharacterString>
      </gmd:language>
      <gmd:topicCategory>
        <gmd:MD_TopicCategoryCode>elevation</gmd:MD_TopicCategoryCode>
      </gmd:topicCategory>
      <gmd:environmentDescription>
        <gco:CharacterString>Microsoft Windows 2000 Version 5.2 (Build 3790) Service Pack 2; ESRI ArcCatalog 9.3.0.1770</gco:CharacterString>
      </gmd:environmentDescription>
      <gmd:extent>
        <gmd:EX_Extent>
          <gmd:geographicElement>
            <gmd:EX_GeographicBoundingBox>
              <gmd:westBoundLongitude>
                <gco:Decimal>
		-69.99286652
		</gco:Decimal>
              </gmd:westBoundLongitude>
              <gmd:eastBoundLongitude>
                <gco:Decimal>
		-69.93463896
		</gco:Decimal>
              </gmd:eastBoundLongitude>
              <gmd:southBoundLatitude>
                <gco:Decimal>41.288632</gco:Decimal>
              </gmd:southBoundLatitude>
              <gmd:northBoundLatitude>
                <gco:Decimal>43.81846</gco:Decimal>
              </gmd:northBoundLatitude>
            </gmd:EX_GeographicBoundingBox>
          </gmd:geographicElement>
          <gmd:temporalElement>
            <gmd:EX_TemporalExtent>
              <gmd:extent>
                <gml:TimePeriod gml:id="boundingTemporalExtent-1-1">
                  <gml:description> | Currentness: Ground Condition</gml:description>
                  <gml:beginPosition>2010-05-24</gml:beginPosition>
                  <gml:endPosition>2010-07-10</gml:endPosition>
                </gml:TimePeriod>
              </gmd:extent>
            </gmd:EX_TemporalExtent>
          </gmd:temporalElement>
        </gmd:EX_Extent>
      </gmd:extent>
      <gmd:supplementalInformation>
        <gco:CharacterString>A footprint of this data set may be viewed in Google Earth at:
https://noaa-nos-coastal-lidar-pds.s3.amazonaws.com/laz/geoid18/1174/supplemental/2010_USACE_JALBTCX_Northeast_Lidar.kmz</gco:CharacterString>
      </gmd:supplementalInformation>
    </gmd:MD_DataIdentification>
  </gmd:identificationInfo>
  <gmd:distributionInfo>
    <gmd:MD_Distribution>
      <gmd:distributionFormat>
        <gmd:MD_Format>
          <gmd:name>
            <gco:CharacterString>Zip</gco:CharacterString>
          </gmd:name>
          <gmd:version gco:nilReason="missing"/>
        </gmd:MD_Format>
      </gmd:distributionFormat>
      <gmd:distributionFormat>
        <gmd:MD_Format>
          <gmd:name>
            <gco:CharacterString>LAZ</gco:CharacterString>
          </gmd:name>
          <gmd:version gco:nilReason="missing"/>
        </gmd:MD_Format>
      </gmd:distributionFormat>
      <gmd:distributor>
        <gmd:MD_Distributor>
          <gmd:distributorContact>
            <gmd:CI_ResponsibleParty>
              <gmd:organisationName>
                <gco:CharacterString>NOAA Office for Coastal Management</gco:CharacterString>
              </gmd:organisationName>
              <gmd:contactInfo>
                <gmd:CI_Contact>
                  <gmd:phone>
                    <gmd:CI_Telephone>
                      <gmd:voice>
                        <gco:CharacterString>(843) 740-1202</gco:CharacterString>
                      </gmd:voice>
                    </gmd:CI_Telephone>
                  </gmd:phone>
                  <gmd:address>
                    <gmd:CI_Address>
                      <gmd:deliveryPoint>
                        <gco:CharacterString>2234 South Hobson Ave</gco:CharacterString>
                      </gmd:deliveryPoint>
                      <gmd:city>
                        <gco:CharacterString>Charleston</gco:CharacterString>
                      </gmd:city>
                      <gmd:administrativeArea>
                        <gco:CharacterString>SC</gco:CharacterString>
                      </gmd:administrativeArea>
                      <gmd:postalCode>
                        <gco:CharacterString>29405-2413</gco:CharacterString>
                      </gmd:postalCode>
                      <gmd:country gco:nilReason="missing"/>
                      <gmd:electronicMailAddress>
                        <gco:CharacterString>coastal.info@noaa.gov</gco:CharacterString>
                      </gmd:electronicMailAddress>
                    </gmd:CI_Address>
                  </gmd:address>
                  <gmd:onlineResource>
                    <gmd:CI_OnlineResource>
                      <gmd:linkage>
                        <gmd:URL>https://coast.noaa.gov</gmd:URL>
                      </gmd:linkage>
                      <gmd:protocol>
                        <gco:CharacterString>WWW:LINK-1.0-http--link</gco:CharacterString>
                      </gmd:protocol>
                      <gmd:name>
                        <gco:CharacterString>NOAA Office for Coastal Management Website</gco:CharacterString>
                      </gmd:name>
                      <gmd:description>
                        <gco:CharacterString>NOAA Office for Coastal Management Home Page</gco:CharacterString>
                      </gmd:description>
                      <gmd:function>
                        <gmd:CI_OnLineFunctionCode codeList="http://www.isotc211.org/2005/resources/Codelist/gmxCodelists.xml#CI_OnLineFunctionCode" codeListValue="information">information</gmd:CI_OnLineFunctionCode>
                      </gmd:function>
                    </gmd:CI_OnlineResource>
                  </gmd:onlineResource>
                </gmd:CI_Contact>
              </gmd:contactInfo>
              <gmd:role>
                <gmd:CI_RoleCode codeList="http://www.isotc211.org/2005/resources/Codelist/gmxCodelists.xml#gmd:CI_RoleCode" codeListValue="distributor">distributor</gmd:CI_RoleCode>
              </gmd:role>
            </gmd:CI_ResponsibleParty>
          </gmd:distributorContact>
        </gmd:MD_Distributor>
      </gmd:distributor>
      <gmd:transferOptions>
        <gmd:MD_DigitalTransferOptions>
          <gmd:onLine>
            <gmd:CI_OnlineResource>
              <gmd:linkage>
                <gmd:URL>https://coast.noaa.gov/dataviewer/#/lidar/search/where:ID=1174</gmd:URL>
              </gmd:linkage>
              <gmd:protocol>
                <gco:CharacterString>WWW:LINK-1.0-http--link</gco:CharacterString>
              </gmd:protocol>
              <gmd:name>
                <gco:CharacterString>Customized Download</gco:CharacterString>
              </gmd:name>
              <gmd:description>
                <gco:CharacterString>Create custom data files by choosing data area, product type, map projection, file format, datum, etc.</gco:CharacterString>
              </gmd:description>
              <gmd:function>
                <gmd:CI_OnLineFunctionCode codeList="http://www.isotc211.org/2005/resources/Codelist/gmxCodelists.xml#CI_OnLineFunctionCode" codeListValue="download">download</gmd:CI_OnLineFunctionCode>
              </gmd:function>
            </gmd:CI_OnlineResource>
          </gmd:onLine>
        </gmd:MD_DigitalTransferOptions>
      </gmd:transferOptions>
      <gmd:transferOptions>
        <gmd:MD_DigitalTransferOptions>
          <gmd:onLine>
            <gmd:CI_OnlineResource>
              <gmd:linkage>
                <gmd:URL>https://noaa-nos-coastal-lidar-pds.s3.amazonaws.com/laz/geoid18/1174/index.html</gmd:URL>
              </gmd:linkage>
              <gmd:protocol>
                <gco:CharacterString>WWW:LINK-1.0-http--link</gco:CharacterString>
              </gmd:protocol>
              <gmd:name>
                <gco:CharacterString>Bulk Download</gco:CharacterString>
              </gmd:name>
              <gmd:description>
                <gco:CharacterString>Simple download of data files.</gco:CharacterString>
              </gmd:description>
              <gmd:function>
                <gmd:CI_OnLineFunctionCode codeList="http://www.isotc211.org/2005/resources/Codelist/gmxCodelists.xml#CI_OnLineFunctionCode" codeListValue="download">download</gmd:CI_OnLineFunctionCode>
              </gmd:function>
            </gmd:CI_OnlineResource>
          </gmd:onLine>
        </gmd:MD_DigitalTransferOptions>
      </gmd:transferOptions>
    </gmd:MD_Distribution>
  </gmd:distributionInfo>
  <gmd:dataQualityInfo>
    <gmd:DQ_DataQuality>
      <gmd:scope>
        <gmd:DQ_Scope>
          <gmd:level>
            <gmd:MD_ScopeCode codeList="http://www.isotc211.org/2005/resources/Codelist/gmxCodelists.xml#MD_ScopeCode" codeListValue="dataset">dataset</gmd:MD_ScopeCode>
          </gmd:level>
        </gmd:DQ_Scope>
      </gmd:scope>
      <gmd:report>
        <gmd:DQ_AbsoluteExternalPositionalAccuracy>
          <gmd:nameOfMeasure>
            <gco:CharacterString>Horizontal Positional Accuracy</gco:CharacterString>
          </gmd:nameOfMeasure>
          <gmd:evaluationMethodDescription>
            <gco:CharacterString>The data positions were obtained using post processed inertially aided KGPS methods. The horizontal accuracy of the data is better than 0.50m RMSE.; Quantitative Value: 0.98 meters, Test that produced the value: Accuracy based on 1.96 X RMSE.</gco:CharacterString>
          </gmd:evaluationMethodDescription>
          <gmd:result gco:nilReason="missing"/>
        </gmd:DQ_AbsoluteExternalPositionalAccuracy>
      </gmd:report>
      <gmd:report>
        <gmd:DQ_AbsoluteExternalPositionalAccuracy>
          <gmd:nameOfMeasure>
            <gco:CharacterString>Vertical Positional Accuracy</gco:CharacterString>
          </gmd:nameOfMeasure>
          <gmd:evaluationMethodDescription>
            <gco:CharacterString>The data positions were obtained using post processed inertially aided KGPS methods. Tested 0.172m fundamental vertical accuracy at 95 percent
confidence level in open terrain using RMSEz x 1.9600. Tested 0.270m supplemental vertical accuracy at 95th percentile in short grass. Tested 0.553m
supplemental vertical accuracy at 95th percentile in tall grass. Tested 0.640m supplemental vertical accuracy at 95th percentile in brush/canopy.
; Quantitative Value: 0.172 meters, Test that produced the value: Tested fundamental vertical accuracy at 95 percent confidence level in open terrain.</gco:CharacterString>
          </gmd:evaluationMethodDescription>
          <gmd:result gco:nilReason="missing"/>
        </gmd:DQ_AbsoluteExternalPositionalAccuracy>
      </gmd:report>
      <gmd:report>
        <gmd:DQ_CompletenessCommission>
          <gmd:nameOfMeasure>
            <gco:CharacterString>Completeness Report</gco:CharacterString>
          </gmd:nameOfMeasure>
          <gmd:evaluationMethodDescription>
            <gco:CharacterString>None provided</gco:CharacterString>
          </gmd:evaluationMethodDescription>
          <gmd:result gco:nilReason="missing"/>
        </gmd:DQ_CompletenessCommission>
      </gmd:report>
      <gmd:report>
        <gmd:DQ_ConceptualConsistency>
          <gmd:nameOfMeasure>
            <gco:CharacterString>Conceptual Consistency</gco:CharacterString>
          </gmd:nameOfMeasure>
          <gmd:evaluationMethodDescription>
            <gco:CharacterString>The data provided in this file were tested against ground truth data. Tested 0.172m fundamental vertical accuracy at 95 percent confidence level
in open terrain using RMSEz x 1.9600.</gco:CharacterString>
          </gmd:evaluationMethodDescription>
          <gmd:result gco:nilReason="missing"/>
        </gmd:DQ_ConceptualConsistency>
      </gmd:report>
      <gmd:lineage>
        <gmd:LI_Lineage>
          <gmd:statement>
            <gco:CharacterString>The USACE collected, processed, and provided the data to the NOAA Office for Coastal Management (OCM). OCM received the data and processed it to be available for custom download from the Data Access Viewer (DAV) and for bulk download from https.</gco:CharacterString>
          </gmd:statement>
          <gmd:processStep>
            <gmd:LI_ProcessStep>
              <gmd:description>
                <gco:CharacterString>These data were collected using a HEII system. The system collects topographic lidar data at 64kHz, bathymetric lidar data at 4kHz and RGB imagery
at 1Hz. Aircraft position, velocity and acceleration information are collected using an Applanix POS A/V 410. All raw data are processed using
AHAB's Coastal Survey Studio (CSS) software. Aircraft position data are processed using POSPac software and the results are combined with the lidar
data to produce 3-D positions for each lidar shot. Fledermaus and GreenC Solutions software is used to inspect and QA/QC data, and anomalous data
are flagged as invalid. Data are exported to LAS format using GreenC Solutions and imported to Terrascan for classification. A customized
classification macro is used to distinguish ground points (2) and unclassified points (1). The classification results are reviewed and any
misclassified points are manually edited. In areas of dense vegetation the bare ground points might be incorrectly classified due to the inability
of the laser to penetrate the canopy and reach the bare ground. Classified data are exported from Terrascan and Blue Marble Desktop converts all
classified LAS data from UTM to NAD83 geographic coordinates and NAVD88 heights using the Geoid 09 model.</gco:CharacterString>
              </gmd:description>
              <gmd:dateTime>
                <gco:DateTime>2010-11-30T00:00:00</gco:DateTime>
              </gmd:dateTime>
            </gmd:LI_ProcessStep>
          </gmd:processStep>
          <gmd:processStep>
            <gmd:LI_ProcessStep>
              <gmd:description>
                <gco:CharacterString>The NOAA Office for Coastal Management (OCM) received topographic data in LAS v1.2 format. The files contained LiDAR elevation measurements.
The data were received in geographic coordinates (NAD83) and vertically referenced to NAVD88 using the Geoid09 model. The vertical
units of data were meters. The data were classified according to ASPRS LAS classification scheme (1 = unclassified, 2 = ground). OCM performed
the following processing for data storage and Digital Coast provisioning purposes:

1. The LAS files were converted from orthometric heights to ellipsoidal heights (GRS80) using Geoid 09.
2. The LAS data were sorted by latitude and the headers were updated.</gco:CharacterString>
              </gmd:description>
              <gmd:dateTime>
                <gco:DateTime>2012-02-01T00:00:00</gco:DateTime>
              </gmd:dateTime>
              <gmd:processor>
                <gmd:CI_ResponsibleParty>
                  <gmd:organisationName>
                    <gco:CharacterString>Office for Coastal Management</gco:CharacterString>
                  </gmd:organisationName>
                  <gmd:role>
                    <gmd:CI_RoleCode codeList="http://www.isotc211.org/2005/resources/Codelist/gmxCodelists.xml#gmd:CI_RoleCode" codeListValue="processor">processor</gmd:CI_RoleCode>
                  </gmd:role>
                </gmd:CI_ResponsibleParty>
              </gmd:processor>
            </gmd:LI_ProcessStep>
          </gmd:processStep>
          <gmd:processStep>
            <gmd:LI_ProcessStep>
              <gmd:description>
                <gco:CharacterString>The NOAA Office for Coastal Management (OCM) received the bathymetric data for this data set at a later date than the topographic data. The bathymetric data was processed to be included with the existing topographic data. The data were received in csv format, in geographic coordinates (NAD83) and were in ellipsoidal heights. The vertical units of data were meters. OCM performed the following processing for data storage and Digital Coast provisioning purposes:

1. The csv files were converted to las files.
2. The las points were classified as 11 (NOAA OCM bathymetry).</gco:CharacterString>
              </gmd:description>
              <gmd:dateTime>
                <gco:DateTime>2015-01-12T00:00:00</gco:DateTime>
              </gmd:dateTime>
            </gmd:LI_ProcessStep>
          </gmd:processStep>
          <gmd:source>
            <gmd:LI_Source>
              <gmd:sourceCitation>
                <gmd:CI_Citation>
                  <gmd:title>
                    <gco:CharacterString>USACE JALBTCX</gco:CharacterString>
                  </gmd:title>
                  <gmd:date gco:nilReason="missing"/>
                  <gmd:citedResponsibleParty>
                    <gmd:CI_ResponsibleParty>
                      <gmd:organisationName>
                        <gco:CharacterString>USACE JALBCTX</gco:CharacterString>
                      </gmd:organisationName>
                      <gmd:role>
                        <gmd:CI_RoleCode codeList="http://www.isotc211.org/2005/resources/Codelist/gmxCodelists.xml#gmd:CI_RoleCode" codeListValue="originator">originator</gmd:CI_RoleCode>
                      </gmd:role>
                    </gmd:CI_ResponsibleParty>
                  </gmd:citedResponsibleParty>
                </gmd:CI_Citation>
              </gmd:sourceCitation>
            </gmd:LI_Source>
          </gmd:source>
          <gmd:processStep>
            <gmd:LI_ProcessStep>
              <gmd:description>
                <gco:CharacterString>
							
The vertical values in this data set have been converted to reference NAVD88 height (ftUS) feet, using the GEOID18 grids provided by the National Geodetic Survey. 

The data values in this data set have been rasterized and stored in a 32-bit Floating point GeoTIFF format. 

The data values in this data set have been projected.  This projection is noted in another section of this metadata record. The projection library used was derived from the General Cartographic Transform Program developed by the United States Geological Survey, National Mapping Division.

The cell values in this data set represent the average elevation measurement found within each cell, or if there were no values in the cell, a value may have been interpolated from surrounding cells with data values.  The perimeter cells of a 3x3 box surrounding the empty cell is queried for known values - if less than three values are found, then the perimeter cells of a 5x5 box is searched for known values.  This process is repeated for a 7x7 box if less than 3 values are found.  If less than three accumulated known values were found, then the cell is assigned a no data value (usually -999999 for formats that have a tag for the nodata value, otherwise an IEEE NaN value). If at least 3 values were found in that search, the value in the empty cell is interpolated from the known values using an Inverse Distance Weighting (IDW) method.

The data has been reprojected as requested. See the spatial reference information for projection information.


Processing notes: 

						</gco:CharacterString>
              </gmd:description>
              <gmd:dateTime>
                <gco:DateTime>2023-02-18T18:30:24
</gco:DateTime>
              </gmd:dateTime>
              <gmd:processor>
                <gmd:CI_ResponsibleParty>
                  <gmd:individualName>
                    <gco:CharacterString>NOAA Office for Coastal Management</gco:CharacterString>
                  </gmd:individualName>
                  <gmd:contactInfo>
                    <gmd:CI_Contact>
                      <gmd:address>
                        <gmd:CI_Address>
                          <gmd:electronicMailAddress>
                            <gco:CharacterString>coastal.info@noaa.gov</gco:CharacterString>
                          </gmd:electronicMailAddress>
                        </gmd:CI_Address>
                      </gmd:address>
                    </gmd:CI_Contact>
                  </gmd:contactInfo>
                  <gmd:role>
                    <gmd:CI_RoleCode codeList="http://www.isotc211.org/2005/resources/Codelist/gmxCodelists.xml#gmd:CI_RoleCode" codeListValue="processor">processor</gmd:CI_RoleCode>
                  </gmd:role>
                </gmd:CI_ResponsibleParty>
              </gmd:processor>
            </gmd:LI_ProcessStep>
          </gmd:processStep>
        </gmd:LI_Lineage>
      </gmd:lineage>
    </gmd:DQ_DataQuality>
  </gmd:dataQualityInfo>
</gmi:MI_Metadata>
